,2026-2027,,,,,,,,,,,,,,,,,,,,,,,,,,,
,Property,,Fee,,,,,,,,,,,,,,,,,,,,,,,,,
,,,,,,,,,,,,,,,,,,,,,,,,,,,,
,TOTAL,," £225,980 ",,,,,,,,,,,,,,,,,,,,,,,,,
,billed,," £110,904 ",,,,,,,,,,,,,,,,,,,,,,,,,
,U/O ,," £115,076 ",,,,,,,,,,,,,,,,,,,,,,,,,
,,,,,,,,,,,,,,,,,,,,,,,,,,,,
,2027/2028,," £18,000 ",,,,,,,,,,,,,,,,,,,,,,,,,
,,,,,,,,,,,,,,,,,,,,,,,,,,,,
,,Test,,,,,,,,,,,,,,,,,,,,,,,,,,
,PROFESSIONAL & MI BILLED,,,,,,,,,,,,,,,,,,,,,,,,,,,
," 8 High Street - HiTW
AML done - 1 x PEP messaged S GIlls (chased March)","18.06 Dt chased for an update  BILLED 19/06 (prev added Mar 2025 but removed and raised anew)

11.06 DT chased 

5.06 Dt asked Sharon Jenner if we have signed 

26.05 Dt asked Sharon and Dal for an update 

15.05 anyday

11.05 St chased Sharon Jenner

27.04 DT chased Ed

13.04 DT chassed Dal

 7.04 DT to chased 

25.03 dt chased dal   - draft invoice printed for DT review 
 
23.03 legals progressing 

6.03 Progressing 

12.03 legals progressing

17.02 Ed sent Sarah an updzate 16.02 DT asked Ed for an update 

09.02 legals progressubg 20.02 DT sent a chaser to Sarah

27.01 DT asked emm if he needs to send out the HOTS 12.01 Ed to confirm to DT if he needs to do anything

5.01 DT asked hwo ware to proceed

10.12 with Ed to confirm Heads of Terms

3.12 AM to draft HOTS

25.11 progressing; emailed Sharon Gills for update 

10.11 DT chased Sharon

28.10 DT chased Sharon

21.10 -  Dt has rrecommend we accpet £22k

DT has emailed E Cloke commenting that he has advised tenant to accept 22k"," £1,540 ",,,,,,,,,,,,,,,,,,,,,,,,,
,2 Lyons Valuation ,AM to invoice BILLED 9th JUNE , £750 ,,,,,,,,,,,,,,,,,,,,,,,,,
,"Riverbank House
AML DONE ","29.06 Invocie sent 

18.06 docs will be issued today for signing INVOICE DRAFT PASSED TO DT 26th

11.06 on the 9.06 Julie snet draft underlease to Wendy Davison 

27.05 sols isntructed 

26.05 Robin sent revised Heads of Terms

15.05 Robin has given the extension 

11.05 JOB to send details to 

8.05 JOB to draft details 

27.04 Dt asked Wendy for an update.  JOB to prepared details 

20.04 speak to Robin at the end of the week.

14.04 DT to chase next week 

7.04 DT asked Wendy if she has sign off

31.03 DT 

23.03 DT sent revised HOTS to Robin

17.03 CHase next week but DT to market

23.02 DT left message

17.02 DT asked Wendy to confirm if terms are ok

11.02 Dt issues draft Heads of Terms on 9.02. Dt to cahse end of week

02.02 Wendy has agreed rental

27.01 DT chased Wedny

21.01 DT send to Wendy that we will agree £51k

19.01 Wnedy top confirm lkease term"," £1,750 ",,,,,,,,,,,,,,,,,,,,,,,,,
,Staplehurst,"16.07 invoice and report senr 

6.07 try and finish 

29.06 start valuation

18.06 arrange inspection"," £1,250 ",,,,,,,,,,,,,,,,,,,,,,,,,
,Rock Road Borough Green,"29.07 sent with invoice 

24.07 JOB to draft 

16.07 DT to inspect next weke."," £1,250 ",,,,,,,,,,,,,,,,,,,,,,,,,
,Bon Marche ,"29.07 JOB sent draft to DT   - invoice drafted 

24.07 JOB to use to draft ", £495 ,,,,,,,,,,,,,,,,,,,,,,,,,
,,,," £7,035 ",,,,,,,,,,,,,,,,,,,,,,,,
,PROFESSIONAL,,,,,,,,,,,,,,,,,,,,,,,,,,,
,,,,,,,,,,,,,,,,,,,,,,,,,,,,
,47 HS Val ,"10.08 with Stuart to confirm access for this week 

04.08   -PO saved to file 110073097", £850 ,,,,,,,,,,,,,,,,,,,,,,,,,
,"96 High Street 
AMLS done ","10.08 Dt chased Rupeena 

24.07 tenant has instructed a solsic 

16.07 Dt chased..chase tomorrow.

13.07 with tenant to sign 

6.07 DT chased Tenant as lease is with him

3.01 Dt chased

18.06 DT asked Rupeena what do we need to do next 

12.06 With sols

2.06 DT told Diwesh that he must agree £56k

26.05 DT chased Diwesh for confirmation 

18.05 Dt asked Ricahrd if he is free today 

11.05 with client to call DT

27.04 DT chased the clieny

20.04 Dt asked client to confirm our fees 

15.04 DT to issue renewal 

13.04 AM to get lease

7.04 go through with Josh 

27.03  AM to arange

16.03 Abbey to arrange access.

4.03 Josh to get file 

18.02 Lease renweal June, get file to check measurments "," £1,750 ",,,,,,,,,,,,,,,,,,,,,,,,,
,Costa Coffee 23 High Street Tonbridge,"10.08 Dt to go back to mark poyner 

24.07 Dt chased 

15.07 Calderbank sent 

13.07 send draft Calderbank to client

6.07 AM to draft Calderbank.

3.07 DT to issu Calserbank letter next week.

29.06 Dt chased 

15.06 Chase at the end of the week

11.06 Dt said to MP that he will issue a Claderbank letter 

05.06 DT chased

2.06 chase at the end of the week.

26.05 MP said he will come back to DT next week

15.05 chased 

11.05 chased Wednesday 

8.05 DT chased 

27.04 email at the end of the week

20.04 Dt tsend comps and areaad tp MPz



JOB to send DT areas so he can flick onto Mark Pointer.

15.04 Issues RR notice 

13.04 DT sent sent deraft to Ranjan for approval 

7.04 JOB to prepared RR notice

31.03 DT to go back to Costa

27.06 Josh to emil Ranjan "," £1,750 ",,,,,,,,,,,,,,,,,,,,,,,,,
,84 High Street Tonbridge (Cook),"10.08 DT asked Howard for Vooks details 

27.07 DT gone back to Howard and recommend £50k

24.07 DT to finalise

16.07 chase tomorrow 

13.07 check today 

3.07 JOB to review"," £1,750 ",,,,,,,,,,,,,,,,,,,,,,,,,
,One Stop Hildenborough,"10.08 DT to send rent review ntocie 

27.07 review with JOB today

24.07 Dt to finalise"," £1,750 ",,,,,,,,,,,,,,,,,,,,,,,,,
,"27 High Street Tonbridge Eden Valley
27 High Street - Holland and Barrett
","15.05 Dt updated client 

11.05 conform lease extensiom 

27.04 extension until next month

12.01 chase at the end of the motnh.

5.01 DT keft a chaser 

10.12 DT left a message with Thoma s Cropp from H&B   - AM updating Sandra re Management. NEED LOA to recieve rents - chased 

25.11 considerng a relocation

11.11 DT to do rent review. AM compiling Management folder currently and in talks with H&B, Stephanie, Rodney and Ben Carey!
**DT has countered their lease proposal with £15k rent 5 yr term with a 3 yr break**

28.10 DT chasing for contact details ",,,,,,,,,,,,,,,,,,,,,,,,,,
,Paris Farm,"26.05 meetign arrnaged 

11.05 confirm works and new rent 

27.04 gina to confirm 10 year with a 5 break",,,,,,,,,,,,,,,,,,,,,,,,,,
,8 High Street Otford,4.08 Jon Drak to confirm if he wants us to carry out a valuation," £1,250 ",,,,,,,,,,,,,,,,,,,,,,,,,
,,,,,,,,,,,,,,,,,,,,,,,,,,,,
,,,," £8,250 ",,,,,,,,,,,,,,,,,,,,,,,,
,,,,,,,,,,,,,,,,,,,,,,,,,,,,
,,,,,,,,,,,,,,,,,,,,,,,,,,,,
,,,,,,,,,,,,,,,,,,,,,,,,,,,,
,AGENCY BILLED ,,,,,,,,,,,,,,,,,,,,,,,,,,,
,"Poundland High Street Tonbridge (Poudland)
AMLs done  
","03.07 Shoudl happen next week 

30.06  DT outlined fee basis for approval w Chris T NEED TO SENT INVOICE 

9.04 exhanged 3 montice  

30.03 AM to draft invoice   - drafted and printed for DT 

30.03 AM to draft invoice 

27.03 DT chasesd

24.03 DT chased 

23.03 Shoudl happend before Thursday 

16.03 DT sent anupdate DT asked CT for did he need to chase?

12.03 close

6.03 Chris said they are close to exchage 

23.02 DT chased

16.02 Oliver Butker nmcioing forward

11.01 09.02 Oliver butler now acting

02.02 £20k rentention offered, Goldex wiklk accprt 

27.01 Issue with rentention

19.01  Dt chased Dilguit

12.01 Dt chased contact ssigned by end of Jan 

6.04 No feedback 5.01 DT left a message with Doljit

11.12  ""We are happy with everything so far, just awaiting the final searches and a few items requested by your team from Poundland"" Goldex

10.12  Dt asked Diljit for na update 

3.12 DT left a message with CT

25.11 DT to email Chris Tippetts for update 

18.11 DT confirmed notice on Poundalnd is 2 months to Diljit 

10.11 contracts issued /  progressing 


4.11 DT asked for an update 

1.10 draft moS issued to Diljot for approal

7.10 DT chased

01.10 CT to come back with isntructions

25.09 Dilgit revised offer £1,440,000 - put forwed to chris 

19.09 Offier of £1.4m CT wants £1.5m - £1.6m

9.09 Job sent draft brochure 

22.08 Abbey to change borchure   - STARTED 

19.06 DT asked Ctis"," £11,135 ",,,,,,,,,,,,,,,,,,,,,,,,,
,"158 High Street (RPC) 
AML done JOB","15.04 AM issued invocie   - SENT 

13.04 AM to draft invocie   - printed on DT desk 14/04

10.04 Completed keys been handed out invoice needs to be drafted 

7.04  Shoudl happen end of this week 

2.04 JOB circulated Head of Terms

27.03 JOB issued Heads of Terms 

26.03 JOB sent draft heads of terms to Burns Accountants.  

25.03 Deal agreed JOB draft heads of terms

23/03 Job agreed £18 and now draft up HOT

23/03 Job gone back at £18k 

20.03 offer of £16500 reported to David Green "," £2,060 ",,,,,,,,,,,,,,,,,,,,,,,,,
,"Downs Court Yalding 6
AMLs DONE","22.04 AM sent invoice

20.04 completed. AM to draft invoice DRAFTED 26/04 with DT 

20.04 JOB awaitign confirnation of lease completation date

15.04 lease finalising 

13.04 JOB to chase 

7.04 Meeting today to do SOC 

02.04 JOb to arrange acess for schedule of condition

27.03 Has draft lease gone

24/03 Undertaking received and Tom will send out the lease shortly

23.03 Undertakign not sorted 

17.03 JOB to send 

6.03 HOT have been circulated and rachel has placed funds with her soliciotr to transfer the undertaking

26.02 Rob to come back on building insuracne and service charge. 

23.02 With Rachel to confirm all ahreed 

5.02 JOB has put fowed Rachels proposal awaiting landlord response. "," £1,750 ",,,,,,,,,,,,,,,,,,,,,,,,,
,"Unit 1B Munday Works 
Tonbridge
NOTE - DRPS (tyler holdings?) Jersey co cannot run AML","29.04 AM sent invoice  

23.04 AM to issue fee invoice - drafted in file and printed for DT 26/04

20.04 Both aprties to sign next few days 

15.05 tenant meetign becky on Thursday to 

7.04 Dt chased Hilary

27.03 Hilary updated Ruth...Ruth to come back 

24.03 DT updated Tyler, its with Hialry to respind to callum

23.03 DT chased Duane and Callum

16.03 Hilary said docs are back with her!

16.03 Dt chased Hilary

12.03 DT chased Duane

4.03 DT chased Hilary

16.02 Sols isntructed, DT to check issue with rent penalty

09.02 Dt to finalise Heads of Terms

02.02 DT aaranging in person meeting. Dt chased Ruth

29.01 JOB gone back to Duane with counter offer

27.01 Duant o confirm 6 motnhs.

27.01 Dt gone back 

23.01 DT to review email and senf 
20.01 DTa sked for acocints 

19.01 Medinox has put forwed offer and now reviewing"," £5,300 ",,,,,,,,,,,,,,,,,,,,,,,,,
,"St Eanswythes Mission Hall - 58 Priory 
AML rec'd from RPC - saved to file ","4.06 DT sent invoice 

2.06 DT asked Gill 

14.04 No feedback

30.03 no closer to signing,

16.03 soritng out insurance DT chased 

6.03 DT to chase next week.,

23.02 DT asked Gill for an update 

3.12 DT asked Will for an update 


25.11 progressing 01.10 legals progressing

20.09 client confirmed happy for SOLD STC to be added to board  -  AM instructed Daylight signs 
28.08 Dt chased Will B 

23.07 RPC Land joitn agents dealign with this    AM marked under offer 

17.07 chruich to agree MoS

3.07 sosl should be oisnteructesd soom

16.06 DT chased Will for an updte

accepted Neeshe offer subject to checks 
23.05 best and finals being considered - client ""happy to agree on a completion date for the church hall after 1st  September.""

12/05 Dr Gupta £140k ultrasound baby clinic. Nigel £165k cash piano workshop                                            

6.05 Josh to send out email to all interested parties - final bids by Fri 09/05

30.04 confirm when we are going to best bids

03.06 - Isabelle confirms wishes to proceed with Neeshe offer 

23.04 DT sent 3 x offers over to Church.

08.04 Offer 140k Nathan (Josh has gone back clarifying offer details aka cash or no) 

7.04 Viewing.   "," £1,750 ",,,,,,,,,,,,,,,,,,,,,,,,,
,"Unit 13 Eldon Way
AMls done","8.06 completed last Friday. AM to draft invoice   SENT 09/06

2.06 Dt asked TB for an update 

15.05 TB said close 

11.05 DT chased TB

27.04 DT asked TB for an update 

13.04 DT chased TB

30.03 18.03 any day

16.03 Noy yet DT chased Tom B

03.03 lease complete 13th MArch

09.02 legals progressing 

28.01 Tom Booker agreed deal and sol sisntructed "," £4,125 ",,,,,,,,,,,,,,,,,,,,,,,,,
,"Seal Crown 
AMLs  done ","11.06 AM to send invoice  SENT  10th June

18.05 Due to move in June

15.05 AM to check with Jon 

15.04 1 x room to be taken by Max Thompson -  CLeaning Co. in c 6-12 weeks CHECK in JUNE 2026 re billing ", £450 ,,,,,,,,,,,,,,,,,,,,,,,,,
,Riverside House,"11.06 check invoices with AM?  SENT 10th June 

2.056 claudia signed. AM to draft invove", £352 ,,,,,,,,,,,,,,,,,,,,,,,,,
,"Maid of Kent 
tenant AML done  JOB TO SOURCE LL AML","10.07 AM to uissue today  - SENT 10/07 

6.07 AM to draft fee invoice 

29.06 Lease due to complete shortly...likley to be early July 

22.06 keys released...awaitiing confirmation that contracts have exchanged,

16.06 sols instructed 

5.06  deal verbally agreed, and jsuty waiitng for guarnpr information and run AMl checl

2.06 Meeting with Tony and cafe lady

27.05 Maid of kent Tony to call me back

26.05 DT to chase 

18.05 proposal todau 15.05 record guy 

5.05 Josh to speak to Terry

30.04 Terry to put quote accross to Nick

24/04 Job putting preassure on Nick to put an offer forwed 

22/04 Josh gone back to all 3 parties and awaits offer from Nick

21.04 cafe lady offered. "," £2,600 ",,,,,,,,,,,,,,,,,,,,,,,,,
,"COACH HOUSE BORDYKE  FYI £19k for £18k aim CODE 8785
AML DONE on SLA -and John, invited Jeff - done on tenant","10.07 AM to issue - sent 10/07

7.07 should happen today

01.07 chasing SIPP for approval to complete   ****Invoice drafted to be checked by DT***

29.06 just waiting SIPP approval to complete, AM TO DRAFT INVOICE

18.06 jsu waiitng for land reg

11.06 Keys and land reg issue to be resolved 

18.05 TAW signed 

7.05 BC to get lease plan quote 

5.05 Ist with Olly and Kimberly to confirm the lease plan with 11 spaces os agteed 

29.04 Abbet asked John about plan for car parking 

20.04 sour tout compliance and lease plan 

15.04 Olive butler 

15.04 complaince to be sorted 

7.04  Check utulites and clear out 

23.03 AM to chazneg terms 

17.01 Drfat HOTS issued

16.01 J&J to ocnfirm we cma send out Terms

6.03 DT asked if we can cirucalte Heads of Terms to NExus 

24.02 Nexus have insited they are interested however are unable to make a definitive answer

23.02 Nexus  to confirm

16.02  Update clients tomorrow 

13.02 Nexus to come back with a definitive answer by end of play today

11.02 Hot Drafted and with Dt. DT sent to the Elliots for first review.  JOB sent email to school for time scale and feedback on the refusal to include a rent review price cap

09.02 AM to draft Heads of Terms

09.02 JOB discc with DT 

29.01 Jeff wants us to stall 

27.01 Need confirmation of timing for Nexus

19.01 JOB went back to Nexus and SGS as per Jeff comments. 

19.01 JOB needs to review offers and go back to nexus to get them to get rid of break clause

06.01 Nexus school showing interest, all their current queries replied to -  awaiting thieir feedback. PLUS  Olly Stevens/ StoneX (interiors) interested but seeing if can exit lease (prior 2027)
  ---
3.12 Jed needs to agree penailyt if he exercises the break   **JED PULLED OUT** 

25.11 negotiations continue. LL wants 2 x personal dir guarantee, we also suggested undertaking- Jed not happy with either DT GOING BACK TO JED WITH FINAL COUNTER - 3 mnths no rent free

11.11 accounts for 2024 rec'd to review with DT   DONE and conveyed status of proposal to Vendor John and Jeff 

04.11 -  AM sent message to Jed with LL counter proposals etc and await his feedback and full accounts. 

28.10 John and Jeff happy with Planet JJ but have counter offer proposals  -  AM to discuss w DT

25.09 went live   **OFFER FROM JED CONVEYED 21/10/25 AM **"," £1,900 ",,,,,,,,,,,,,,,,,,,,,,,,,
,"Tatlingbury oast
AML query with DT ","10.07 AM to issue  **asking Paul who to address it to 10/07**  SENT 10/07

07.07 shoudl happen today

01.07 shoudl complete today  **Invoice drafted to be checked by DT**

29.06 engrossded lease to be issed to Teannt this week.

19.06  - due to complete next couple of days DRAFT INVOICE 

16.05 compeltign today?

11.05 Tim has send out lease 

5.05 DT chased for lease compleraiton date 

27.04 oftead approval recieved. AML to know be completed 


9.04 AFL exchanged, compleation subjec to offisted and landlord works. AM to bill on completion of AFL 

7.04 AFL should be signed today

31.03 Tim to issue AFL

30.03 DT update paul amd Tim

27.03 DT to meet next week

27.03 ofsted on site 24.04

24.03 Tim said a few weeks

23.03 DT asked Tim when the lease will be issed.

16.03 sols isntructed

6.03 DT issues draft Heads of Terms 

23.02 Terms agreed but tenant has raised a few queries,

17.02  Dt gone back to teamt wiith a counter propsa;

11.02  DT to go back to Paul and let him know they cannot include VAT on the rent 

2.02 Offer from nusery, DT asked them to confirm accounts. "," £11,500 ",,,,,,,,,,,,,,,,,,,,,,,,,
,"Western Ave Borough Green
AMLS done ","16.07 Echanged last Fridau with compleation 24th July. 17/07 SENT INVOICE
13.07 shoudl have exchanged on Friday

6.07 exchange this Friday with completation on 21st 

29.06 DT sent chaser for confirmation dates 

22.06 funding confirmed, awaitign date for exchange

22.06 rerports to go to bank"," £6,225 ",,,,,,,,,,,,,,,,,,,,,,,,,
,"18 East Street
AML done ","12.08 invoice sent 

27.07 lease completed. Tim to send lease and AM to draft invoice 

18.06  The proposal is for completion is  mid-July and the 3  months rent free would run from the date of completion .

The break date , rent review date and end date would mirror the lease of 20 East Street .

If you can confirm you are happy to agree this , or call me to discuss further .



02.06 Dt asked Tim if he needs any asstiance 

15.05 progressing 

5.05 complaince si beign finalised 

20.04 AM to compliance quotes 

27.03 Dt sent chaser.

3.12 Gerlas has died and estate is beeign orted out


25.11.DT emailed Peter Rundle  **DT TO SPEAK TO PETER RUNDLE IN JAN 2026 HOLD**

18.11 DT asked Tim Mchugo for an update 

28.08 legals progressing 

18.08 warners say completing tomorrow - DT asked for clarification- is this both properties??

01.08 Tenant has queried some lease clauses, client sols have responded. Awaiting conf that all is agreed 

28.07  - update from P Rundle Larchfield, their insurers are asking for additional info. He thinks nearly complete and will update nxt week

23.07 Dt asked for an updaste

17.08 Tim Mchugo said close to exchange

11.07 DT chased solcitor 

30.06  Dt asdked sols if he needs me to chased

19.06 Dt asked Tunder for us to change 

11.06 Dt asked client to confirm how to guartee no 18 if theey take 20

4.06 DT said to client Tunde will taker 18

Dt updated 

23.05 Dt chased 

13.05 HOT sent 

08.05 Tunde sol requesting 5 year mutual  break clause

6.05 Draft HOTS sent to Tunde

30.04 MC sent draft HoT to Ed (Larchfield)

29.04 Tunde emailed guarantor details

23.04  DT emailing Ed Larchfield for update 

16.04 DT spoke to Bebbington who confirmed they are selling their half to (Peter) Larchfield.

7.04 JP  and larchfields discussing sale (Tunde chasing)

31.03 awaiitng JB feedback

21.03 Dt went back to Tunde (AM advised Jed that we are progressing with another party)

14.03 DT sent prospoal to John Beppitnogn 

12.03 DT sent Tunde's proposal over to Ed

05.03 DT negotiating proposal with Tunde.

19.02 DT had phone call with another interested party (Tunde- Nursery creche) arranging 3rd viewing.

11.02 DT requested P&l 

03.02 Offer received from Planet JJ's Geekery - DT has asked for further information (financial)"," £1,412 ",,,,,,,,,,,,,,,,,,,,,,,,,
,"Cob Tree
AML done","27.07 Garteh will drop the keys in for compleation on Wednesday  SENT 17/07

23.07 signed ready for completation next week

16.07 AM to draft a fee invoice for exchange anc completation on 29th July  - 17/7  sent invoice 

13.07 Dt chased

10.07 DT chased for update 

7.07 exchange contacts thsi Friday

6.07 aim to echange ASAP with compleation on 22.07

9.06 Gareth to confirm tenants VP date

22.06 DT chased 

18.06 need to go back to Dipak today!

15.06 Gareth to confirm timing for excvhange and completetion. Zoe said only just had enquiriesso there is no way we can complete this week

5.06 DT send chaser to Gareth. DEEPACK WANTS TO COMPLETE 12TH OR 18TH BUT WILLING TO TAKE ON PROPERTY WITH TENANCY ON FIRST FLOOR 

02.06 DT asked gareth for a n update follwign his emails to Zoe French yesterday.

26.05 DT sent a chaser to Zoe 

15.05 inspected today, chase legals next week

11.05 inspected today

5.05 DT asked fo ran update from Zoe and Gartyeh. isnpected ion reqieyded 15h may 

29.04 epc beign carried put today

27.04 chased 

20.04 DT asked solcitors to ocnfirm if they have heard from the undetakers

7.04  sols in contact, need confirmaiton of valuation date 

25.03 MOS been sent to Gareth Edwards

22.03 draft MoS

16.03 Depik up to £700k

16.03 offer of £660k from Patels. Garteh want £700k"," £8,750 ",,,,,,,,,,,,,,,,,,,,,,,,,
,paddock Wood 9 Ranjan,28.07 abortive baord cost, £260 ,,,,,,,,,,,,,,,,,,,,,,,,,
,"Shoreham Arch Co
AML done on Fieldmans (Ken co)","12.08 invoice sent
 10.08 shoudl happen tomorrow INVOICE BASICALLY DRAFTED need terms agreed and add to fee book also for no

4.08 Ken confirmed he wants to sign. Arch co to confirm

27.07 any day now 

20.07 Lettign shoudl complete on Thursday

17.07 offer due to go back on Monday"," £3,800 ",,,,,,,,,,,,,,,,,,,,,,,,,
," The Brooder House
AML done ","6.08 gone in to licence. AM to draft invoice for completion  

4.08 DT asked Mike for an update 

27.07 DT asked Miek Rogers if there was any progress last week

20.07 DT chased Mike for an update

13.07 shoudl sign this week 

10.07 Comms sorted. 

3.07 DT chased Ben Wright...no feedback

29.06 DT chased 

16.06 Dt asked Ben Wright for a upate on the legals

02.06 DT Asked Ben for an update 

14.05 sols isntructed 

8.05 Nick G to send information 

7.05 just waitign for Nik to ocnfirm sols detials/ 

5.05 back to Nick G to agree Heads of terms 

29.04 Dt chased 

15.04 JOB to issue draft Heads of TErms

6.06 progressing 

23.02 DT chased 
"," £4,200 ",,,,,,,,,,,,,,,,,,,,,,,,,
,"105-109 High Street (Barclays)
Aml done ","27.07 Tyson sortign out electric supply

3.07 landlord sols to confirm our postion 

1.07 DT suggest we speak to sols 

22.06 Issues for Tyson to sort out; signed agreement to lease

11.05 Dt asked Tyson for an update 

5.05 JOB to ocnfirm long stop date.

29.04 Dt asked Tyson for an update 

15.04  AFL signed. chase enablign works 

3.04 Dt asked 

7.04  both parties should haev signed

30.03 27.09 AFL close to signing 

23.03 AFL to be sigmed. TS to issue works and confirm fee with TS for SOC

17.03 TS to confirm 

6.03 DT updated home team 

3.03 legals progressing

16.02  sort out lease plan

02.02 DT chased 27.01 DT chased client 

19.01 DT to speak to so;citpr tomror w

12.01 SOW sent to Mike H

5.01 Tyson emaiked Miek Hiscok sceduel of works

.12 TS dealing with works

25.11 Tyson on meeting on friday 

18.11 teannt has agreed to inceease he rent., DT asked tenants solcitor if he can nwo issues the draft AFL

12.11 David Porter to confirm works

10.11 Tyson to respond to DT email to David 

4.11 DT updated other side, we need an undertaking

28.10 DT to confirm front door

14.10 Josh to ask David

7.10 DP to comnfor 

01.10 nothing back from David

19.09 emailed tenants 

03.09 Draft Heads of terms sent to David Porter

25.08 DT reponsed with a prospoal 

19.08 DT asked for asset statemt 

03.07 Showed CEO Franchise around to confirm if they will move forward
16.06 tenant has offered £55k to take the whol eo fhte propety

27.05 Dt asked for detauiel dbusines splan and proof of funds 

23.05 awaiting business plan 

6.05 Josh to confirm Ozkan 

24.04 Spoken to Ozkan very interested speaking to his team and solicitors will get back in touch next week

16.04 Interested party (Ozkan) wants to know if they offer full rental of £50k - how much rent free would LL give? "," £3,300 ",,,,,,,,,,,,,,,,,,,,,,,,,
,"Yalding Enterprise Park (YEP) Units B1&2 - padel studio
AML - need DOBS for padel guys- vendor prev done","8.07 PM said August for 

5.05 Dt asked Tom maggs to confirm Linked post   (poss complete July...)

23.04 AMl signed, Jully PC, operating September 

20.04 Check with paul that AFL has been signed and send out Linkedin 

5.04 with paul 

27.01 progeesing 

6.01 plannign progressing

25.11 need to get a chsnge of use 

12.11 Plannign to be heard tomorrow

.09.25 PM asked Padle guys for an update on planning

23.07 legals & plannign progressign 

11.06 Paul said legals progressing 

21.05 HOT shared 

6.05 Dt askjed Aihars for an update 

23.04 with PM to confirm 

7.04  back with Padle guys to confirm VAT 

02.04 DT sent draft HoT to LL / owner

02.04 MC sent DT draft HoT

31.03 with PM"," £33,000 ",,,,,,,,,,,,,,,,,,,,,,,,,
,,,,,,,,,,,,,,,,,,,,,,,,,,,,
,,,," £103,869 ",,,,,,,,,,,,,,,,,,,,,,,,
,,,,,,,,,,,,,,,,,,,,,,,,,,,,
,2026-2027 UNDER OFFER,,,,,,,,,,,,,,,,,,,,,,,,,,,
,"Unit 8 Deacon Ind Est HITW  - AML tenant done  - cannot do on LL as jersey based
Key code: 
Unit 9 - 1966
Unit 8 - 1985              £12 psf","10.08 4.08 HiTW need to provide more detailed ino

27.07 ST chased Alex to confirm if they have signed.

20.07 should be next few days 

16.07 Dt asked scott for an update 

13.07 scott will chase today

10.07 DY chased Scott 

6.07 with HiTW  to confirm lease

3.07 internal SOC needs to be completed

29.06 AD to confirm internla works have been finalised, SC is agreed 

22.06 DT chased Alex 

18.06 with alex 

15.06 Dt said we will agreed £25k cap subject ot upwards RPI

12.06 need to agree RPI

11.06 cpa on SC request 

5.06 vack with HiTW

2.06 DT asked Alex for an update 

26.05 SOC to be carried out on 1st June. Al;ex Roberts away this week.

15.05 DT to wait for Ben and AD to confirm

7.05 sort out VC meeting next week 

5.05 issue with roof lealk

27.04 DT sent plans 

23.04 With HiTW solcitir to come back 

20.04 HuiTW to make changes to the lease, its with them. DT update Alex. Dt asked Scot for an update 

15.04 draft klease was issued on the 10th April

7.04 sols are in touch

30.03 plannign fees to be agreed

25.03 Sols instrcuted 

23.03 cirucalte terms wed

17.01 revised deraft HOTs issued next wendsay after Board approval 

16.03 AD to approve draft, VC agreed for Thursday

6.01 to progress next week

23.02 ready to circualte Heads of Terms. DT to confirm planning

17.02 AD to confirm internal baord sign off 

16.02 DT chased 

09.02 With alex to come back in terms of rent free

02.02 DT chased Alex

29.01 revised HoTS sent to Alex

27.01 Dt ciruclated Heads of Terms

19.01 Dt confifemd AD will only agree £11.75 psf

12.01 Dt chased

9.01 with HiTW

6.01 DT updated Alex in terms of no rent free

10.12 Alex to confirm £276k is agreed 

3.12 counter proposla sent

25.11 counte rpropsoial sent 

12.11 DT chased

4.11 coutner propsoal back HiTW

28.10 DT chased HiTW 

14.10 HITW to ocme back woith a proposal

19.09 DT meeting 2pm Wdnesdday 1st October

22.08 HiTW waiting to confirm when they wish to inspect "," £15,897 ",,,,,,,,,,,,,,,,,,,,,,,,,
,"Dartford Priory Centre 32
AML to do - email sent to Hayley ","12.08 Contract shoudl have ebens ent. 

6.08 with cleitn to agree the rent & vat

31.07 JOB to circulate HOT for Kayleigh

16.07 JOB to chase

03.07 Job drafted HOT sent to landlord

30.06 Job is in negotians ", £750.00 ,,,,,,,,,,,,,,,,,,,,,,,,,
,"Railway Approach  - unit 2
AML to do","12.08 contract issued for signing

8.08 Katina to confirn new company details 

4.08 Katina to ocnfirm i fshe is takign the lease in her own name

04.08 Abbey has chased some feedback from archco as new enquiries still incoming 

31.07 Job has put forwed Katina Jarvis (revised) offer 

27.07 JOB conveyed two offers to David Smith from Kat (th emornign rush) and Pub cup kat 

26.07 Kat Saunders coffee & pub cup & mobile 

26.05 Two offers of £16k, they wont go higher 

31.07 Job has put forwed Katina Jarvis offer "," £1,700.00 ",,,,,,,,,,,,,,,,,,,,,,,,,
,"31 Commercial Road PAddock Wood 
Quoting offer in excess of £300k / premuin for F&F
AMLs done by JOB","10.08 DT chased

4.08 DT emailed Purvest

31.07 Purchaser had surgery chase on Monday 3rd 

27.07 JOB chased PArvesy and send an ipdate to to Tarcye and Kevin.

24.07  Why has it not completed 

16.07 put back on the market if not compelted by Fridauu

13.07 putting pressed to exchange on Friday

10.07 DT chased for update 

7.07 exchange contacts thsi Friday

6.07 aim to echange ASAP with compleation on 22.07

9.06 Gareth to confirm tenants VP date

22.06 DT chased 

18.06 need to go back to Dipak today!

15.06 Gareth to confirm timing for excvhange and completetion. Zoe said only just had enquiriesso there is no way we can complete this week

5.06 DT send chaser to Gareth. DEEPACK WANTS TO COMPLETE 12TH OR 18TH BUT WILLING TO TAKE ON PROPERTY WITH TENANCY ON FIRST FLOOR 

02.06 DT asked gareth for a n update follwign his emails to Zoe French yesterday.

26.05 DT sent a chaser to Zoe 

15.05 inspected today, chase legals next week

11.05 inspected today

5.05 DT asked fo ran update from Zoe and Gartyeh. isnpected ion reqieyded 15h may 

29.04 epc beign carried put today

27.04 chased 

20.04 DT asked solcitors to ocnfirm if they have heard from the undetakers

7.04  sols in contact, need confirmaiton of valuation date 

25.03 MOS been sent to Gareth Edwards

22.03 draft MoS

16.03 Depik up to £700k

16.03 offer of £660k from Patels. Garteh want £700k"," £6,750 ",,,,,,,,,,,,,,,,,,,,,,,,,
,"119 High STreet 
AML done","10.08 Dt left Alan  a chaser 

4.08 With lan to ocnfirm licence for alterations

24.07 AC to be confirmed 

20.07 Still need top get the AC

16.07  We received the current layout at the end of last week and provided an overview of our plans to allow the layout design to be updated. Appreciate the landlord needs this in order to assess whether or not a Licence to Alter is required.

6.07 Landlord sparky is lookign at the buildign today

3.07 Updated Patrick

29.06 tenant to get more detailed lease plans

22.06 Patrck to provde more detailed plans

18.06 with landlord to confirm fit out.

5.06 Dt chased Alan for CPSE

02.06 AF to confirm is enquires have bee issued 

26.05 Has lease gone back 

15.05 Dt chased Patrick 

11.05 complaining about solcitors 

5.05 Undeetakign agreed 

29.04 JOB to contact sol to ame suire 

21.04 Sols isntructed 

20.04 JOB to send a chaser to Alan 

7.04 JOB to confirm if they ar epeoceeding 

2.04 With PAtrick to confirm 

27.03 issue ldraft Heads of terms 

AF to copnfirm that we can issue the HOTS draft

25.03 JOB to draft heads of terms  

20.03 patrxj top come back

6.03 DT has gone back to Patrtck

23.02 JOB gone back 

18.02 Offer accepted by landlord / have put forwed they will have to undertake fitout awaiting dfeedback 

09.02 OFFER FRPM dAISY fOYLE AT £22K PAX FOR PIKLATLES "," £2,200 ",,,,,,,,,,,,,,,,,,,,,,,,,
,"Weald Court 
AMls done for lower GF","4.08 DT just chased Lakis 

31.07 JOB chase

27.07 JOB chased Lakis

16.07 restriction on the no building

13.07 JOB to email the tenant 

6.07 Lakis speaking direct 

29.06  legals shoudl complete end of next week

17.06 Lakis said they are reconfhuring the WC, hopeing to complete end of this month

02.06 JOB to ask Lakis for an update 

11.05 JOB chased lakis solicitor 

01.05 JOB ciruclate heads of terms to all parties and gone back to all other interested parties.

29.04 Lakis to give greenlight

27.04 JOB to give Julie a call 

22/04 Julie has until end of this week has sent a response to us wich Josh has put forward to lakis. 

20.04  Josh to chase up Julie 

15.04 Julie has until Friday 

7.04 Julie viewing on Friday 

2.04 Heads of Terms sent to Julia Courtney for approval

27.03 5 offers conveyed ot Lakis 

6.03 Interest from gyn guy followign meeting"," £3,000 ",,,,,,,,,,,,,,,,,,,,,,,,,
,"124 High Street Tonbridge 
AMLs done","10.08 with Ricahrd to get it down 

4.08 DT asked Ricazhrd for an update 

27.07 JOB chased Richard for fit out plans 

24.07 Ricahrd Ashby to confirm fit out plans 

24.07 JOB to chase "," £5,000 ",,,,,,,,,,,,,,,,,,,,,,,,,
,"The Hop Pole 
AML Started   - jersey company cannot complete","10.08 Dt updated client 

27.07 24.07 DT to send plannign letter 

16.07 Agreed £410 STP. 

13.07 call SH

10.07 £380k final offer with 

6.07 emailed client with revised deal 

22.06 Victora said We have now heard back from the other two neighbours that they are happy to proceed with deeds of release so will be working to finalise these with them this week. We will let the buyer’s solicitors know once all agreed.


18.06 Dt asked Victorias for an uopdate 

12.06 Prgressing 
5.06 DT asked victoria for an update 

2.06 chase next week 

26.05 Dt askec victoria for am update 

11.05 DT asked Steve if prospoed structre was ok, with then to coem nacl,

5.05 ication fully submitted and awaiting underwriting.

 

Commercial lending is currently taking longer than usual, so I kindly ask for your patience whilst we progress this case.

 

@'Adam Lane' have we had valuation quotes back yet or are we still waiting on them ?

 

We look forward to completing on this with you

29.04 Two more covenants.

20.04 progressign legls and land red

15.04 sols sorting out land reg issues 

7.04 legals progressing

30.03 sols in touch and legals oprogressing 

27.03 sols reinstructed "," £7,000 ",,,,,,,,,,,,,,,,,,,,,,,,,
,"177 High Street
AML WITH JOB","10.08 DT asked GB if he needed any infirmation 

4.08 DT shared FRA 

31.07 EPC will be live then share with grahma beach

24.07 EPC still outstanding for upper floors

16.07 Gas cert is outstanding. EPC and FRA being carried out tomorrow 

6.07 JOB to confoirm if here is anythig else otustanding 

29.06 With Colin Beer to agree quotes. JOB to ask Terry of he can procvide a gas certificart

19.06 JOB to aks client if we need EPC and FRA

18.06 JOB to ask pruchaser if we have a date to exchange

15.06  GRHAM bEECH HAS CONE BACK TO THE OTHER SIDE 

5.05 quiroes over EPC, Colin doesnt want to 

02.06 JOB to chase 

26.05 JOB to ask GB if he has issued the contracts

15.05 GB will start work this week 

11.05 Undertaking now sent over

07.05 JOB to confirm undertaking

05.05 JOB asked Graham if the purchasers solictor has now reached out. 

29.04 Memorandum of sale has been cirluated with the confirmed solicitors. 

26.04 Which solcitoer is the purchaser using?

5.04 Purchaser to confirm what solicotor he is goign to be using.,=

8.04 Seyf has confirmed he is happy with the memorandum of sale. Josh issued MOS
7.04 JOB to cahse 
.04 Purchaser to review MOS over the weekend 

01.04 2026 Job shared draft MOS with purchaser

30.03 JOB to issue draft MOS 

27.03 offers sent to Colin

20.03 go to best offer next Thirsday "," £4,810 ",,,,,,,,,,,,,,,,,,,,,,,,,
,"1 Quarry Hill 
AMLs done","10.08 DT asked Chris for an update

31.07 Job to call Vijay for update 

27.07 JOB to call 24.07 JOB chase on Monday 

3.07 chris sols has emailed Chris 

26.06 sols instructed 

22.06 back with Chris T

18.06 JOB to stand firm 

16.06 CT to confirm we can send Draft Heads of Terms to VJ

5.06 JOB to draft heads of Yerms for VJ

2.06 CT to confirm which offer.

26.05 muliple offers "," £1,750 ",,,,,,,,,,,,,,,,,,,,,,,,,
,"James Millard
£565k for whole
£160k for commercial
£375 for resi
£30k garage 

AML for James Millard done
JOB doing purchasers","10.08 DT asked Tim Mchugo for an update 

28.07 JOB circulated MoS

27.07 VAT to be confirmed 

24.07 JOB to instruct sols 

23.07 MOS draft sent to James Milard

20.07 JOB to draft the MOS and send Tim McHugo all the complaince

16.07 JOB to get AML and proorf of funds 

16.07 JOB to chase chroch  

13.07 client to try and get Millard to pay for his reasonal legals and surveyors fees.

10.07 DT goneback to Crouch to ask for ocnfirmation in first refual 

6.07 Tell client we will go best offers on Friday 

01.07 offers
Commercial - £144k from Roland Nash (Ednbridge)
Residential  - £375k Matts MAte Ed Salmon 
Whole - £515k Matt oither Mar
Whole - £525k Salem Ali

29.06 JOB to show Sallem Ali to look round on Wednesday and get to nedt and final ofer.

18.06 offer of £515k all in. 

19.06  JOB to chase on Monday 

16.06 Job put forwed offer of £480k for commericla and resi at £535k"," £9,010.00 ",,,,,,,,,,,,,,,,,,,,,,,,,
,KCC DEPOT ,"6.08 draft heads of terms sent to Mat from Doggy for agreement 

4.08 DT emailed Chris Reed 

31.07 Job has been informed one person left to sign chase monday

27.07 JOB to chase to get sols instructed 

24.07 still waiting for one signature

16.07 waitign for one or two sifncastures 

13.07 nothign back from KCC

10.07 JOB to send chaser to Chris

6.07 KCC to agree

3.07 KCC need to approve our email and Matt wants to go round.

29.06 JOB to chase KCC today

22.06 witj Chris, JOB updated matt

18.06 still waiting for Chris Reed 

16.06 with KCC who need to do internla approval.

5.06 JOB to draft HOTS 

02.06 with Mat to confirm if fence is agreed 

27.05 Agree comproimise 

22.05 JOB to go back 

18.05 JOB to go back with a counter proposal

8.05 On hold 

7.05 JOB to chase accoutns tomorrow 

05.05 Offer eceived of stepping rental need to put to client 

31.07 Job has been informed one person left to sign chase monday"," £4,800.00 ",,,,,,,,,,,,,,,,,,,,,,,,,
,2 Archers Paddock Wood (deal via joint agent),12.08 Sols sintrcuted ," £3,183 ",,,,,,,,,,,,,,,,,,,,,,,,,
,"38 Eldon Way Paddock Wood 
AML TO DO!","04.08 HoT shared for AMF Automotive Ltd, 10yr lease £66,350  - 7.5% fee"," £4,976 ",,,,,,,,,,,,,,,,,,,,,,,,,
,"141 & 151 London Road, Southborough
AML done","27.07 Joseph awasy this week, so unlikley to hear anything.

24.07 DT gone back to Hiscocks 

20.07 Dt chased 

29.06 DT chased client 

26.05 DT chased 

29.04 DT asked for an update.

6.03 DT asked Steve if he would enter into a contracts race?

3.03 unlikely to happen...DT to chase at the end of the month

09.02 Dt asked Jsopeh  for an update 

02.02 DT to call in week

27.01 DT chased 

12.01 DT asked Jsopehn for an updates

6.01 Dt asked Jospeh if we need to speask to Oseah about the spllit

10.12 progressing

3.12 split of sale TBC

25.11 DT to do report

18.11 DT to send update

7.10 Dt chased 

01.10  No feedback

26.09 DT chased Joseph

05.9 shoudl exchange next few week s

28.08 valuation 

18.08 client progressign with a sale

01.08 DT to draft 

23.07   NOTE TO TEAM JOB AM   - if anything from Phil or Steve needs redictreding to client Andrew Hall please action 

19.06 dela wobbling and Dt ha soffer art £1.25

23.05 DT to speak TWBC 

6.05 LA provided 

17.04 MC circulated final MoS

16.04 Dt chased clive

07.04 MC sent MoS to purchaser         

07.04 DT sent MoS to vender - agreed.

07.04 MC sent DT draft MoS

31.03 deal agred £350k. JB to daft MOS
"," £12,500 ",,,,,,,,,,,,,,,,,,,,,,,,,
,"Belvedere - Station - Archo - DA17 6JJ
AML DONE 
","29.06 DT chased Aigards

30.03 Aigras confirmed its still not completed

27.03 DT to call 
24.03 DT chased Aiagrds

11.02 DT asked Aigards for an update

25.11 client unsure of timescles 

18.11 DY cjased

01.10 DT chased for update 

18.08 DT chased 

17.07 Dt asked Aigers 

4.06 tennat wants to meet 13.06

23.05 concerns re  infrastructure? back and forth still 

15.04 - Aigars update: board has approved subject to successful planning.  DT TO GO BACK TO PADEL CO.

08.04  - DT has asked Aiagrs for an update 

21.03 with thenat with planning
18.03 DT chased

17.02 Tenant confirmed they are happy to proceed - DT asked Aigers if they need anything further from tenant.

11.02  Aigars sent mock up agreement

11.02 Dt chased 

7.02 Dt chased Aigards for feedback 

28.01 - RF Padel has raised queries against terms "," £5,000 ",,,,,,,,,,,,,,,,,,,,,,,,,
,"Quest YEP 7.04 
AMLs done  ","4.08 meetign this Friday

22.06 archtiect to send design costs 

15.06 DT asked PM for a copy of the vaibuility assessment 

05.06 Sold as seen 

15.05 with PM 

5.05 Pn to update tomorrw 

29.04 PM to updaste us on Friday 

20.04 CK sent emailt to Peter asking for an updaet 

5.04 Pm away,

30.03 Pm speakign direct ot Chris 

6.03 preogressing 

16.02  PM & Chris to come back

20.01 DT chased Ian M 

14.01 its with Ian M.

12.01 Paul to go back

5.01 DT to chase on Wedn

10.12 Peter to update DT 

25.11 next meeting 5th Dec.

18.11 meeting today..DT to foind out 

12.11 DT chased

10.11 PM sent costing ot PM

28.10 Spa to be issued 

21.10 Next meeting update 31.10

14.10 catch up tomorrow

7.10 PM has updated all 

01.10 Catch up meeting thsi Friday TBC

26.09 Dt asked Ian M if the SPA has been issued 

19.09 VC call today 

12.09 DT to chase for a VC middle of next week

5.09 CON CALL AT 4PM TODAY 

28.08 progressing

8.08 DT to set up meetign Weds or Friiday with Peter and Paul 

23.07 plannign recieved 

30.06 plannign progressing

23.05 still waiting on planning 

7.04 legals progressing AML to look at AML   - AML when Quest has got planning 

18.03 plannign issue with flooding

14.03 Movign forward wit tj llegals 

28.01 Under offer. MOS drafted by DT"," £15,000 ",,,,,,,,,,,,,,,,,,,,,,,,,
,"TRENCH LICENSE 
AML NOT DONE","3.03 Mike Q said invoice reminder at the end of the year 

03.03 - 02.02 Dt asked mike if Adam has paid

19.01 Adam to pay end of 30th Jan

12.01 Adam still needs to pay!

6.01 Mike todl he will pay at the end of the week

6.01 DT asked Mike for an update 

10.12 DT left A]ddam a chaser

3.12 shoudl  happen on monday!

02.12 we are told next Monday  08/12... tbc
AM drafted   - 28.10 sent to DT on completation but Adam is away for 2 weeks and needs to transfer  - 25.11 DT chased"," £3,500 ",,,,,,,,,,,,,,,,,,,,,,,,,
,,,,,,,,,,,,,,,,,,,,,,,,,,,,
,,,," £106,826 ",,,,,,,,,,,,,,,,,,,,,,,,
,2027/2028,,,,,,,,,,,,,,,,,,,,,,,,,,,
,Douglas House ,"27.05 Deal might not happen

15.04 JOB showing TMBC aroubnd property on friday 23rd April 

27.03 contract sgoign slow 

16.02 New Locum joined TMBC 27.01 progressing

7.04 commtiee today

3.12 sols instructed at £240k pax subject to planning "," £18,000 ",,,,,,,,,,,,,,,,,,,,,,,,,
,,,,,,,,,,,,,,,,,,,,,,,,,,,,
,offer received (5),,,,,,,,,,,,,,,,,,,,,,,,,,,
,"3 Orchard BP Tunbrridge
AML invite sent to vendors only, Company screened",11.08 DT to draft the MoS. AM to get AML's.  (AM sent MoS to DT and invites sent to vendor AML),,,,,,,,,,,,,,,,,,,,,,,,,,
,"Plot 6  Pembury
AML to do need DOB for purchaser - and conf that manuel is the owner ","11.08 with Levi to agreed £5ol plus contributuib of £4k

6.08 new cash offer of £50k from Levi subject to hsi inspection

4.08 with manuel to come back.

31.07 JOB Sent HOT to Manuel 

24.07 draft Heads of Terms to be ossied 

20.07 manail to confirm 

1607 updte client and say we still have the offer of.

13.07 Nothing back 

7.07 agreed to sell for £65k. Get proof of funds and do AML 

6.07 JOB asked for proof of funds 

31.07 JOB Sent HOT to Manue ",,,,,,,,,,,,,,,,,,,,,,,,,,
,"Larchwood 
Parcel 2 - 0.831 acres
vendor AML done ","4.08 AM sent boundary plan to Scott for approval and told Seb that he is away until 19th August 

29.09 Seb has agreed draft MOS  -  draft MOS sent to Scott for the same 

27.07 AM to draft MOS 

24.05 Scott to confirm offer

22.01 client agreed to accept £90k offer. Scott to confirm he is happyt o proceed.

Parcel 1

Kit Kat £70k - DT had goen back to tem  22.07 No increase 

Parcel 2 
Marck Shreidain £50k increased £60k 22.07 will nto improve offer

Scot morfay £90000



",,,,,,,,,,,,,,,,,,,,,,,,,,
,Unti Z & land next to LENCO  Transfesa,"6.08 with SGN to agree spec 

27.07 DT chasing 

24.07 Will to come back and QS to finalise spec 

20.07 DT chasesd Ricahrd Wybne

16.07 Dt asked Ricahrd and Will for an update

13.07 DT asked Ricahrd Morris to provide detailed spec and make commenetary on plan.

6.07 Dt asked James if he had amade any progress 

29.06 DT asked Will to send through list of enquires

22.06 Dt left a message

16.06 meeting on 24th 

5.06 Just checking 

02.06 Meeting requested with everyone

27.06  Logocr will do works at risk. DT updated Will S

26.05 chase James tomorrow 

18.05 chase james C tomorrow

15.05 Dt sent JAmes Acrney an update 

8.05 call james on Momnday 7.05 left message with JC

5.05 Dt chased James 

27.04 JC to provide spec of works

15.04 JOB to draft details

7.04 Dt asked Will if draft Heads of Terms are agreed 

0.03 DT sent draft Heads of Terms to JC

27.03 DT left a message 

20.03 With JC to come back

17.02 JC to send plan to SGN

02.02 DT chased Johnz28.01 DT given new opportuntu to 

27.01 SGN interested, James Carney to confirm 

9.01 DT to call tandem on Monday ",,,,,,,,,,,,,,,,,,,,,,,,,,
,Bordeykle House,"6.08 with Ellitos to come back with offer

31.07 Alex wants to get her contract round do arrange / Ben in Mon for dilaps

27.07 DT chasign for inspectiosn date...DT said no to landlord covering AC

23.07 insoected tomorrow

20.07 Intila offer made by Alex, Dt to sent to J&J

16.07 get offer to Alex £73k

8.05 market property

23.02 Dt chased 

02.02 & 19.01 Steve Hiscicks to subit a proposal",,,,,,,,,,,,,,,,,,,,,,,,,,
,Stafford House,"6.08 with cunnimngham to accept £525k offer from David G

4.08 Dt chased David Green 

31.07 Saleem put offer forward / talk to david green

24.07 DT updated client. DG to come back ealry next week

20.07 DG inspecting today

17.07 try and David Green to £540k. 

13.07 DT chased Cunnignhams 

8.07 reporrted best offers/ Dt recommend we get Briim 

6.07 best offers tomorr.w

29.06 BM may make an offer.

22.06 Ben inspectign on Thursdau

19.06 DT updated client

16.06 Davdi Green verbally offered £500k",,,,,,,,,,,,,,,,,,,,,,,,,,
,"Larchwood 
Parcel 1 3.26 acres
",11.08 offer of £180k offered by Mortimers. Dt conveyted to Seb,,,,,,,,,,,,,,,,,,,,,,,,,,
,"Edenbridge Church Street 
Quoting £180 based off new rent 

£380  for whole ","11.08 NAdia offered £155k 

31.07 Job spoken to Tara next strat drop pirce of flat and try acheive £350k 

16.07 Ian Carter ghosting 

13.07 JOB to call prospective purchaser

6.07 JOB to draft MOS. get proof of fumd and do a AML at £330k

3.07 Bensons to confirm what they want to do

29.06  Get Ian Carter to £340k.

22.06 agree strike price of £350k with Ian Carter. Benson to confirm deal

18.06 josh to call 

16.06 £160k from Roland Nash for commercial. JOB told Tara 

16.06 Interwst from Ian CArtrer £330k for whole ",,,,,,,,,,,,,,,,,,,,,,,,,,
,"Havet High Street
Quoting £1.6","11.08 £1.325m offer conveyed to client 

24.07 DT emailed Pat 

23.07 Kilima offered £1.3m cash",,,,,,,,,,,,,,,,,,,,,,,,,,
,"VErdi Gris 
Quoting £1.25
","27.07 DT updated Crispin

23.07 offer of £1m from?",,,,,,,,,,,,,,,,,,,,,,,,,,
,Unit 20 YEP,17.07 Selant guys offered 10% below askign of £1.388m PM said he will accept £1.3m. with Selant guys to confirm.,,,,,,,,,,,,,,,,,,,,,,,,,,
,Modus YEP,5.05 offered £500k but will pauy £555k with PM doign Mezz and £30k cash back.,,,,,,,,,,,,,,,,,,,,,,,,,,
,"4 Commercial Road
Paddock Wood 
JOB to ask Roth if he is doign AML and will share ","29.06 Pilates lady viewing 14th August

22.06 JOB to say dp we remarket?

16.06 from 12th May 

5.06 JOB to go back and check 6 weeks with the Roth

2.06 JOB to cjase 

27.05 Job has gone back to tenant about 6 weeks and notified client

18.05 draft lease sent out 

15.05  JOB to mark diferences 

7.05 sols isntructed 

05.04 JOB awaiting final confriamtion from 

29.04 with tenant to confirmn Heads of Yerms 

27.04 with Subway to confirm 3 pase 

21.04 update Roth that they want to get UKPN to confirm costs for installing 3 phased

7.04 JOb chased Frank  

27.03 

17.03 Subway to confir is we cna isntruc solls

16.03 JOB to update Roth and work up other deal

06.03 Draft Heads of terms are with prospective tenant awaiting confirmation

26.02 Job drafte heads of terms waiting Frank to come back with tenant name

23.02 Josh chasign up 

17.02 DT gone back on deposit 

16.02 Subway & mobile phone shop interested 

13.02 Job chased kevins solicitors for an update 

9.02 JOb to go back.

09.01 Job gone back to stephen 

29.01 JOB gone tenant 

27.01 JOB to go back with coutner offer

20.01 Roth tp cpme back

19.01 JOB gone back to Stephen Roth
19.01 JoB received counter offer, DT to review before send to Stephen
12.01 JOB to go back to client and say we need to progres with cSubway on better terms

9.01 JOB to show barbers aroudn unit before goign back to Subway

5.1 JOB received offer of 18k for subway 15 year term"," £2,300 ",,,,,,,,,,,,,,,,,,,,,,,,,
,39 Halifax ,"29.06 another barber offer 

15.05 DT asked client for an update 

7.05 offer sent to client 

5.05 offer from Loungers",,,,,,,,,,,,,,,,,,,,,,,,,,
,Dartford Priory Centre Unit 12,"16.07 Josh to chase 

03.07 Job drafted HOT sent to landlord

30.06 Rob has followed up and agreed terms with Pradeep verbally. Josh has summarised and emailed for confrimation and awaits a respons",,,,,,,,,,,,,,,,,,,,,,,,,,
,,,,,,,,,,,,,,,,,,,,,,,,,,,,
,,,,,,,,,,,,,,,,,,,,,,,,,,,,
,in negotations / viewed ,,,,,,,,,,,,,,,,,,,,,,,,,,,
,,,,,,,,,,,,,,,,,,,,,,,,,,,,
,,,,,,,,,,,,,,,,,,,,,,,,,,,,
,Castons Angel Walk,"27.07 interest from play cafe. JOB had goen back to Jed

7.07 Gone live, does he want to board.",,,,,,,,,,,,,,,,,,,,,,,,,,
,Unit 12 TTP Tunap ,27.07 SE Water interested ,,,,,,,,,,,,,,,,,,,,,,,,,,
,Cinnamon  - strike price £1.2m,"8.05 market property

23.02 Dt chased 

02.02 & 19.01 Steve Hiscicks to subit a proposal",,,,,,,,,,,,,,,,,,,,,,,,,,
,Carlton Road Tunbridge Wells,"02.02get apprasial off Olly

21.10 Coffe guy informed us the property is not quite for him. 

14.10 secomd viewing with coffee guy",,,,,,,,,,,,,,,,,,,,,,,,,,
,158 FIRST FLOOR ,18.06 CITRUS I in discussions ,,,,,,,,,,,,,,,,,,,,,,,,,,
,,,,,,,,,,,,,,,,,,,,,,,,,,,,
,Management ,ALL REINSTATMENT ,,,,,,,,,,,,,,,,,,,,,,,,,,
,Nazeing - Overall ,,,,,,,,,,,,,,,,,,,,,,,,,,,
,     Asbestos ,"23.07  - BKT need to authorise revisit for two remaining units, have emailed them and reiterated on teams call today 
23.05 - we have recieved 90% there are missing reports but Michael claims not included in his scope of works DT CONFIRM SHOULD WE COMMISION MORE 

7.05 AM to check 

08.04 only factory units remaining (+ comm parts) factory units underway, hopeful ALL site completed by mid April + reports in. ",,,,,,,,,,,,,,,,,,,,,,,,,,
,     EICR ,"23.07 Meridian House compliant. Awaiting Mark Wainwright quotes to be approved for him to get to site for EICR works AND to do comparison quote urgently for The Shop

23.05 PAINFULLY SLOW  progressing, focus is getting Meridian house fully compliant as two interested parties

7.05 AM to check 

15.04 Fyfe Wilson have responded to AM data requests. Meridian GF done, FF next, and other areas of site. BKT to clarify go ahead (they will)

08.04 only a handful of reports in  -  slow and minor progress. ",,,,,,,,,,,,,,,,,,,,,,,,,,
,     Measured Survey ,"01.06 Distributed done 

23.05 AM to review and make one edit then complete and to be distributed. DT pls check also. 

7.05 AM to check

15.04  Trueplan quote (£2500) auth. by BKT  - date offered Friday 25th Apr - AM has emailed Phil re this, AM could attend if DT thinks best.

08.04 DT & AM await authorisation from BKT",,,,,,,,,,,,,,,,,,,,,,,,,,
,     EPC,"23.07 7 units remianing, have asked Phil to obtain quotes for removal of gas boilers AND for ttenanted unbits to install split AC 

02.06 drafts rec'd much improvement some still outstanding

13.05   - AM visiting site with Zamir on Friday 

7.05 to check costs of revisit 

08.04 some works completed, removal of boilers in areas, AM & DT to determine when EPC assure can return to sign of some units...",,,,,,,,,,,,,,,,,,,,,,,,,,
,    Rates ,"23.07 - DT has provided plan. Call to be arranged with BKT and Avire who will expllain their strategy to reduce rates payment.

BKT want asisstance with this  ;  also enquiring re factory use for charity (!)",,,,,,,,,,,,,,,,,,,,,,,,,,
,    FRA ,Need to obtain from all businesses for the records as best practice   - have asked Phil to collate (nothing as of 23.07),,,,,,,,,,,,,,,,,,,,,,,,,,
,    Utilities ,"01.08 BKT have made contact with Dunore and Dunore have quoted to visit site and investigate 

23.07 have made enquiry to company called Dunore. 

Need to sort out meters and water supply to move on with the below",,,,,,,,,,,,,,,,,,,,,,,,,,
,    Service Charge ,23.07 review what this should be ; DT ongoing project that requires full view of all leases which we do not have ,,,,,,,,,,,,,,,,,,,,,,,,,,
,ROBERT BESTWARICK PORTFOLIO ,"19.06 DT sent scope of service and fee proposal

22.05 UNDER REVIEW ",,,,,,,,,,,,,,,,,,,,,,,,,,
,ICELAND AND BARCLAYS INSPECTIONS,Last billed 21/01/26  AM,,,,,,,,,,,,,,,,,,,,,,,,,,
,88a Shipbourne ,,,,,,,,,,,,,,,,,,,,,,,,,,,
,27 High Street Holland and Barrett inc upstairs flat ,new 11.11.25,,,,,,,,,,,,,,,,,,,,,,,,,,
,"18 High Street, Sankeys and rear comm parts to flats ",new Aug 2025 ,,,,,,,,,,,,,,,,,,,,,,,,,,
,66 High Street Heart of Kent,"23.07 Pest control installing pigeon deterent in AUgust, done, invoice sent to LL and claims paid 

14.02 DT to ACTION  - approach for rent review (to ascertain their intentions re terimating the lease) LL is happy with rent if needs be 

04.02 EPC arranged for the 6th Feb 

20.11 speak to Ricky

22.03 Sandra sorting out electricitu split 

sort out access

23.01 Wendy to speak to mark to check cost of splitiing srvices

10.01 DT sent Mark an email saying tenant has not paid electtric

15.12 Wendy to confirm meter 

12.12 Wendy to confirm who resi tenant is paying her eelcltruf to. Wendy to check",,,,,,,,,,,,,,,,,,,,,,,,,,
,12b Ian Dorrington,"26.04 Rob Spok to sort out licence to alter

18.03 DT to chase Selma

27.10 drain down 

18.09 take back property on 29th September

13.09 DT asked ID to send him and EICR and 

4.09 DT to meet Ian this week 

25.08 sort out dilaps

18.07 sort out guttering

13.07 ian servced notice. Send Miek iwsin email confirnign the situation

20.02 DB to confirm what orks have been agreed

15.02 Dt isntructed gutterman

13.02 DT asjed Mike W for instructiosn to proceed with Gutterman

8.02 Gutter mand can do it for £500 

3.02 Gutter man to provide quote

1.02 DB to chase quotes and Dt contacted Gutterman Otford

24..01 guys has covidn , DoM B updated Ian D23.01 DB to chase 

16.01 DB chasimng quotes and to get gutter mand of otford to put in a quote

16.01 DB to chase number 

03.01 DB to get quotes for new guttering and to Ian Dorrington in the loop

20. down and DB to email Ian Dorrignton

19.12 AA goign tomorrow and update client

15.12 DB to chase AA and go and see Ian D tpday

12.12 DB awaiting for Awkard Access to come back

",,,,,,,,,,,,,,,,,,,,,,,,,,
,20 East Street,"4.09 DB to email client   

25.08 Dt emaield to say we will need to go to third party

1.08 DB to speak to mark CWC 

19.07 Dt meeting terry on th e20th

18.08 DT to chase Terry

 to do daily inspections

PROPERTY NOTES FOR AM reference - £46k pa for whole premises (inc 18 and 20) - Larchfield were 18 FH but also let 20 from another party. ","£1,300",20 leased Aug 25,,,,,,,,,,,,,,,,,,,,,,,,
,"Barclays bank 
","10.12 - DB noted door 'ajar' but wedged shut (swollen with damp?) will drop LL a line to make aware 
DB inspect every other Friday",£500,,,,,,,,,,,,,,,,,,,,,,,,,
,Southborugh insurance inspection ,"10.07 Dt to chase Wayne

7.06 DB to inspect 

4.05 DB issued fees

3.05 DB to issues fees

29.04 DB sent drafts to DT

24.04 DB to issue invoice

WC 13.03 

22.03 DB inspected issues with haordings. DB to issues fee invoice

27.02 DB inspected

13.02 DB to inpoect this week send an uodate photo

3.02 DB Get photo send to climet

24.01 Dt inspected. evidence of a breakin 

16.01 DB to southborough 

3.01 DB to inspect

21.12 need to inspect

5.12 DB to do an inspection

22.11 need to inspect tomorrow Next inspection WC 14.11

£120 PCM x 6",£800,,,,,,,,,,,,,,,,,,,,,,,,,
,Stafford House,"01.08 .25 AM to discuss with DT  - they need to carry out inspections to maintain insurance on property whilst vacant 

21.12 Sort of feasibilut 

25.09 Sandra to recharge. Nick to look at cracking

7.09 DB to get quote from a gardiner 

4.09 DB to verify issue with weeds",,,,,,,,,,,,,,,,,,,,,,,,,,
,Hadlow,"26.04 Dt chased

7.09 Dt emailed Rob S to ask for contract and contact details 
4.09 sort out Sandrals email

9.05 DT sent chaser


12.04 Robrt has gon ebac to Brahams 

20.02 sent PO franhisee agreement ans asled Nic to instruct Robert S 

15.02 Dt asked Nick to confirm which soclitro he wishes to use

13.02 Dt send PO letter to assung to Nick

3.02 DT resonded to Brahmsm",,,,,,,,,,,,,,,,,,,,,,,,,,
,"31 Mount Ephriam (Boorowd funerals)
TW",b,,,,,,,,,,,,,,,,,,,,,,,,,,
,"7 High Street 
Wadhurst","29.03.23 DB to chase Kaan

22.02 DB to urgemcty check RR",,,,,,,,,,,,,,,,,,,,,,,,,,
,24 London Road ,"26.04 Tyson to update 

13.02 DT asked robert Trench to pay our fee

22.03 DT asked 24/7 toi provide info in the assignee

3.02 DT asked Paul Bkaer to sort out repairs required to the property

13.01 DB met tenant and will semd update to client 

19.12 chase Paul Baker

02.12 rubbis not cleared and  bin left

18.11 updated client

7.11 DT emaield cliebt. Chase 24/7 to make sure they do the work

17.10 set upa  meeting with Paul on 7th 

3.10 Dt askjed Paul Baker to ensure DAM Health confirming that Dam Health will be closing the clinic on 4th November 

16.09 DT sent emails of notive to  to Jennfit...await her furthe risntructions

15.09 DT tog t notication from paul Baker and to confirm surrnder. Need to check land reg

15.09 22.08 upfsted client on her issues 

22.07 DT udated all after hsi call to Paul Baker and

18.07 Paul Baker said he will call DT back on 5 mins

13.07 DT send Paul baker a chaser an updated client

6.07 Asled Baker for an update
DT update client",,,,,,,,,,,,,,,,,,,,,,,,,,
,"Unit 6, Archers Park, East Peckham","22.07 AM sent one invoice with both Aprl and Jun QRT

28.01 AM sent invoice Q4    

26.01 annual inspection 

December  bill

25.10 billed Septemer fee 

billed 29.06 Q2 management ",409.75 ea,,,,,,,,,,,,,,,,,,,,,,,,,
,Bordyeke,"01.08.25 trying to sort lease renewal AM chased Hillview 

24.02  Martin Cast to sort out leak

24.01 18.01 DB to arrange inspetion 

03.01 Rent only fhe basis 

21.12 leak seems to have been stopped

12.12 DB to tell Jeff want needs to be done

6.12DB to get a contractor to check leak and check pipe is reducnant 

5.12 Jeff want to get a quote as we need to confirm if we can reppalce the pipe...is it redundant

02.11.22 get quote of remola of leas pipe

22.11 sort out contractors to attend 

18.11 DB to confirm why Allie thinks its landlords respobility for repairs to Chimney 

",,,,,,,,,,,,,,,,,,,,,,,,,,
,93-95 Ellis and Co GF ,"20.03 Dt sent roof photos to Tyson further view on codnton

24.01  send client updates

20.01 annual isnoection requested 

12.12 DB to send lease and salient points to client",,,,,,,,,,,,,,,,,,,,,,,,,,
,128 High Street Hairdresser ,,,,,,,,,,,,,,,,,,,,,,,,,,,
,93-95 ,"01.10 AM sent invoice for past year fees 

19.09 Sandra to confirm our start date for property manager  - DONE

AM to do fee invoice at 6% ",,,,,,,,,,,,,,,,,,,,,,,,,,
,,,,,,,,,,,,,,,,,,,,,,,,,,,,
,Instructions,,,,,,,,,,,,,,,,,,,,,,,,,,,
,1 Riding Lane ,07.08  listed and board instructed ,,,,,,,,,,,,,,,,,,,,,,,,,,
,3 Orchard Tonbridge,"04.08 LIVE 

16.06 Dt asked mark for isnturctuons 

1.06 DT sent MR

22.05 JOB to provide MR",,,,,,,,,,,,,,,,,,,,,,,,,,
, Havet,"19.06 DT to draft / JOB to report 

1.06 awaiting isntructions dates",,,,,,,,,,,,,,,,,,,,,,,,,,
,Chequers Barn Bough Beech,,,,,,,,,,,,,,,,,,,,,,,,,,,
,Verdi Gris,07.07 live ,,,,,,,,,,,,,,,,,,,,,,,,,,
,Unit 2 Archers ,"18.06

WITH CLIENT FOR REVIEW  17/06 Abbey emailed ",,,,,,,,,,,,,,,,,,,,,,,,,,
,Hop House (Studio),"16.06 JOB to fo lvoe 

22.05 updated as of today, reported no feedback ",,,,,,,,,,,,,,,,,,,,,,,,,,
,2 Railway approach Arch Co ,,,,,,,,,,,,,,,,,,,,,,,,,,,
,BIGGIN HILL NORHEADS ,Live 17/06,,,,,,,,,,,,,,,,,,,,,,,,,,
,Wedding Centre Hop Farm,"16.06 gone live 

01.06 AM to draft details ",,,,,,,,,,,,,,,,,,,,,,,,,,
,136B Commercial Road Paddock Wood ,"16.06 gone live 

01.06 draft details ",,,,,,,,,,,,,,,,,,,,,,,,,,
,10 Munday Works,"11.05 JOS chased 

8.05 with Rebecca Shave to go love ",,,,,,,,,,,,,,,,,,,,,,,,,,
,Market Hall Dartford,"18.02 JOB asked client for better photos

03.02 better photos needed and requested. Awaiting as brochure not acceptable at present

6.01 AM sent TOE ",,,,,,,,,,,,,,,,,,,,,,,,,,
,Offices  Weald Court Hildenborough,"07.07 Josh to create seperate listings for each space 
18.02 Richard Turnill to update marketing,.

3.10 Dt awaiting response from other agent",,,,,,,,,,,,,,,,,,,,,,,,,,
,"3,4,5 The Broadway, Hadlow Guiding £975,000 
3 Broadway - £325000   / 4-6 Broadway £695000","07.07   we have now created two listings 
9.01 do AA and brochure 

6.01 JOB to chase purchaser 

9.12 Speaking to her broker and solicotr and will come back to us had a queiry over the property being a 2 bed or 1 bed 

3.12  Josg chased 

25.11 Job getting purchasers details

18.11 Job sent over agreed AA awaiting details for purchaser 

12.11 JOB sent Prakash terms of engagment never came back

4.11 Offer of 315k accepted subject to funding 

25.09 JOB to chase Prakash   **WE HAVE AN OFF MARKET OFFER?**

11.09 JOB issued email of 325k to client on 3 broadway awaiting feedback 

19.08  JOB to get completed and sent by end of this week

01.08 JOB measured and says is adding to excel sheet- client claims no rush. 

21.07 Josh inspecting 29th July

7.07 Josh to inspect 

11.07 Prakesh to come back 

30.06 josh to measure

17.06   Rent review outstanding ",,,,,,,,,,,,,,,,,,,,,,,,,,
,Unit 9 TTP (2001) ,07.07 we have listing for 9 & 10 and 9 alone,,,,,,,,,,,,,,,,,,,,,,,,,,
,"15 Eldon Way     £12.50 psf so £58,362 pax.","07.7 DT confirming its only 14-16, 15 and 38 available ",,,,,,,,,,,,,,,,,,,,,,,,,,
,"38 Eldon Way     £12.50 psf so £58,362 pax.","07.7 DT confirming its only 14-16, 15 and 38 available ",,,,,,,,,,,,,,,,,,,,,,,,,,
,14-16 Eldon  Way ,"07.7 DT confirming its only 14-16, 15 and 38 available ",,,,,,,,,,,,,,,,,,,,,,,,,,
,192 High Street Tonbridge GF,5.12 gone live  ,,,,,,,,,,,,,,,,,,,,,,,,,,
,Court Lane YARD ONLY REMAINING  £56k pa ,"07.07  DT called joint agent and they have not had much interest either 

5.12 gon elive ",,,,,,,,,,,,,,,,,,,,,,,,,,
,Unit 19 OBC Tonbridge ,Available to rent ,,,,,,,,,,,,,,,,,,,,,,,,,,
,UNIT 2 OBC Tonbrigde c £17kpa,7.07 landlords to ocnfirm if we can assign ,,,,,,,,,,,,,,,,,,,,,,,,,,
,15 Commercial Road Paddock Wood ranjan,"21.10 Deal fallen through marketing reommencing 

14.10 JOB to chase Ranjan

10.10 undertaking and ranjans solcuitoer to dradt lease

7.10 AMl done and Undertakign to be confirmed 

01.10  DT to send lease

18,09 Ranjan decidng on a time for meeting the client on site. 

05.09 Draft heads of terms finalised and sent to elle for review.

05.09 Awaiting Ben cost estimate on wall

5.09 Landlord wanting a cv of her businesses and all other business she is involved in.  

03.09 JOB sent email to ranjan with regars to prospective tenant not  wanting a lwayer 

28.08 JOB to chase 

22.08 Josh to resend Draft Heads of Terms  to Ranjan

20.08 Rnajan to check planning use is acceptable 
19.08 About to draft HOTs just checking measurements tommrow then will confirm
22.07 Josh gone back to understand covenant strength and infromed Ranjan we have had an offer
22.07 Elle(yoga) put forwaed 14k offer
22.07 Josh conducted viewing",,,,,,,,,,,,,,,,,,,,,,,,,,
,Bridge House ,"07.07 AM to add rent detaill -  still available 
3.10 client to sign AA (DONE) now live ",,,,,,,,,,,,,,,,,,,,,,,,,,
,4B Vally CUCKOO ,16.09 LIVE seeking £15 p sq ft c £26650,,,,,,,,,,,,,,,,,,,,,,,,,,
,2B  Vally CUCKOO ,UPDATE 19/06 tenant holding over may sign new lease ,,,,,,,,,,,,,,,,,,,,,,,,,,
,3& 5 Church Street edenbridge £480K,"07.07 offer made 

14.10 JOB to host viewing 

19.09 take price off and recircualte 

22.08 Tara confirms wishing to go ahead, they will sort EPC - Bracketts to sort EICR, FRA, Asbestos 

14.05 DT reported and awaitign isntructions ",,,,,,,,,,,,,,,,,,,,,,,,,,
,194 High street Tonbridge ,07.07 2nd Floor available but FYI Amanda is also going and DT will reach out to her ,,,,,,,,,,,,,,,,,,,,,,,,,,
,Shoreham Station Shoreham,"8.09 gone live

27.06 DT to check keys, Henry to greenlight brochire and confirm marketign baord ",,,,,,,,,,,,,,,,,,,,,,,,,,
,"Riverside House, Tonbridge",0.7 - new pics to update ,,,,,,,,,,,,,,,,,,,,,,,,,,
,Tonbridge Trade Park ,07.07  - we have 9& 10 and 9 listed seperately. 13 may be coming. See potentials below ,,,,,,,,,,,,,,,,,,,,,,,,,,
,Yalding Enterprise Park,,,,,,,,,,,,,,,,,,,,,,,,,,,
,Lodge Road Staplehurst,13.06 Dt asked kempo if he is happy with wording of the board,,,,,,,,,,,,,,,,,,,,,,,,,,
,"Former Taxi Office, Station Approach, BOROUGH GREEN ","**08.01.25 withdrawn for time being as they are looking to add water supply **       

11.12 (available) little interest - no water, no facilities ",,,,,,,,,,,,,,,,,,,,,,,,,,
,Crown SEAL ,11.12 (availability),,,,,,,,,,,,,,,,,,,,,,,,,,
,Crown OTFORD ,11.12 ((availability),,,,,,,,,,,,,,,,,,,,,,,,,,
,"South Lodge, Bullen Court Business Centre
SERVICE CHARGE is £990","07.07  - STILL AVAILABLE 
20.02 (available) MC made live.  SERVICE CHARGE is £990
",,,,,,,,,,,,,,,,,,,,,,,,,,
,"Coblands Tonbridge land  HARDSTANDING ONLY
LEASE ONLY 2 YEARS","10.6 Gone Live 
4.06 Dt asked Mike to confirm if we cna og live?

14.05  JOB to draft details & AA

14.05 client gave instructiosn to proceed.
JOB to draft details and send send agency agreement ",,,,,,,,,,,,,,,,,,,,,,,,,,
,CARPETGIANT,requirement ,,,,,,,,,,,,,,,,,,,,,,,,,,
,,,,,,,,,,,,,,,,,,,,,,,,,,,,
,,,,,,,,,,,,,,,,,,,,,,,,,,,,
,,,,,,,,,,,,,,,,,,,,,,,,,,,,
,Instructed go live,,,,,,,,,,,,,,,,,,,,,,,,,,,
,Riding house Lane,"04.08 this appears to be with client sent to Sharon Friday 

22.05 awaiting clients feedback",,,,,,,,,,,,,,,,,,,,,,,,,,
,Former Honda Garage Avevury,27.07 Get EPC and go to market in September,,,,,,,,,,,,,,,,,,,,,,,,,,
,,,,,,,,,,,,,,,,,,,,,,,,,,,,
,Instructed draft details,,,,,,,,,,,,,,,,,,,,,,,,,,,
,Angel Walk Hairdressers,"21.04 with James Bacon

",,,,,,,,,,,,,,,,,,,,,,,,,,
,,,,,,,,,,,,,,,,,,,,,,,,,,,,
,,,,,,,,,,,,,,,,,,,,,,,,,,,,
,REPORTED - Awaiting client instructions  ,,,,,,,,,,,,,,,,,,,,,,,,,,,
,,,,,,,,,,,,,,,,,,,,,,,,,,,,
,Croydon,"27.07 AM to get pricing scedule 

8.05 David lees carrying out feasibilyt ",,,,,,,,,,,,,,,,,,,,,,,,,,
,Paddock Wood Upper Fowle Truemans oast,"27.07 DT asked Claire for an update

09.07 DT sent marketing recommendations. ",,,,,,,,,,,,,,,,,,,,,,,,,,
,Calm & Gentle High Street Tonbridge,,,,,,,,,,,,,,,,,,,,,,,,,,,
,West kingsdown Blue Chalet ,"16.06 Dt chased Andrew Wildgoose 

22.05  JOB to provide MR

11.05 inspecting Wed?",,,,,,,,,,,,,,,,,,,,,,,,,,
,,,,,,,,,,,,,,,,,,,,,,,,,,,,
,Potential  instructions  to report,,,,,,,,,,,,,,,,,,,,,,,,,,,
,Edembridge  Fircroft business centre ,27.07 landlord to send DT the lease,,,,,,,,,,,,,,,,,,,,,,,,,,
,Southbourogh Eye centrre,,,,,,,,,,,,,,,,,,,,,,,,,,,
,8-9 Angel Walk Grace Shop - J BACON,On the board as of 4th Aug  - DT aware ,,,,,,,,,,,,,,,,,,,,,,,,,,
,,,,,,,,,,,,,,,,,,,,,,,,,,,,
,Potential  instructions ,,,,,,,,,,,,,,,,,,,,,,,,,,,
,Santander Pavillion,8.05 James Bacon agreeing a surrender ,,,,,,,,,,,,,,,,,,,,,,,,,,
,St Marys Cray -   Garry property,21.04 Inspect when Garry returns from holiday ,,,,,,,,,,,,,,,,,,,,,,,,,,
,,,,,,,,,,,,,,,,,,,,,,,,,,,,
,Valuation ,,,,,,,,,,,,,,,,,,,,,,,,,,,
,,,,,,,,,,,,,,,,,,,,,,,,,,,,
,,,,,,,,,,,,,,,,,,,,,,,,,,,,
,,,,,,,,,,,,,,,,,,,,,,,,,,,,
,On Hold ,,,,,,,,,,,,,,,,,,,,,,,,,,,
,Bromley Wesmorland Garage ,"16.06 with Roger 

22.05 Roger to dsicuss with his accoutnant ",,,,,,,,,,,,,,,,,,,,,,,,,,
,22 High Street - Greggs,,,,,,,,,,,,,,,,,,,,,,,,,,,
,43 Priory Road ,29/06 se email Esme Ghafoor - informal marketing report and rental vals ,,,,,,,,,,,,,,,,,,,,,,,,,,
,Paddock Wood Castle Refrig,"22.05 Shaun Jupp has confirmed he will come back in a few motnhs 

8.05 chase next week 

5.05 Shaun away for a few weeks",,,,,,,,,,,,,,,,,,,,,,,,,,
,,,,,,,,,,,,,,,,,,,,,,,,,,,,
,No /  No feedback ,,,,,,,,,,,,,,,,,,,,,,,,,,,
,Unit 2 Morley,"16.06 Dt asked Michel canham for instructions

1.06 DT sent MR

22.05 JOB to provide ",,,,,,,,,,,,,,,,,,,,,,,,,,
,"tubbs Hill 
Sevenaoks ","8.05 Dt chased yesterday

05.05 no feedback from Ruth",,,,,,,,,,,,,,,,,,,,,,,,,,
,East Peckham - Wine bar,"15.05 Reported awaiting instructiosn from Simon Grainger 

",,,,,,,,,,,,,,,,,,,,,,,,,,
,Tonbridge Unit Morley 5 ,"22.05 Staurt will come back in a few months

8.05 DT sent a chaser to Stuart Goodchild ",,,,,,,,,,,,,,,,,,,,,,,,,,
,Mr Ps,"8.05 On hold...sell the investment if new lease comes ont the market 

21.04 waitign to inspect",,,,,,,,,,,,,,,,,,,,,,,,,,
,,,,,,,,,,,,,,,,,,,,,,,,,,,,
,,,,,,,,,,,,,,,,,,,,,,,,,,,,
,,,,,,,,,,,,,,,,,,,,,,,,,,,,
,,,,,,,,,,,,,,,,,,,,,,,,,,,,
,,,,,,,,,,,,,,,,,,,,,,,,,,,,
,,,,,,,,,,,,,,,,,,,,,,,,,,,,
,,,,,,,,,,,,,,,,,,,,,,,,,,,,
,,,,,,,,,,,,,,,,,,,,,,,,,,,,
,,,,,,,,,,,,,,,,,,,,,,,,,,,,
,,,,,,,,,,,,,,,,,,,,,,,,,,,,
,,,,,,,,,,,,,,,,,,,,,,,,,,,,
,,,,,,,,,,,,,,,,,,,,,,,,,,,,
,,,,,,,,,,,,,,,,,,,,,,,,,,,,
,,,,,,,,,,,,,,,,,,,,,,,,,,,,
,,,,,,,,,,,,,,,,,,,,,,,,,,,,
,,,,,,,,,,,,,,,,,,,,,,,,,,,,
,,,,,,,,,,,,,,,,,,,,,,,,,,,,
,,,,,,,,,,,,,,,,,,,,,,,,,,,,
,,,,,,,,,,,,,,,,,,,,,,,,,,,,
,,,,,,,,,,,,,,,,,,,,,,,,,,,,
,,,,,,,,,,,,,,,,,,,,,,,,,,,,
,,,,,,,,,,,,,,,,,,,,,,,,,,,,
,,,,,,,,,,,,,,,,,,,,,,,,,,,,
,,,,,,,,,,,,,,,,,,,,,,,,,,,,
,,,,,,,,,,,,,,,,,,,,,,,,,,,,
,,,,,,,,,,,,,,,,,,,,,,,,,,,,
,,,,,,,,,,,,,,,,,,,,,,,,,,,,
,,,,,,,,,,,,,,,,,,,,,,,,,,,,
,,,,,,,,,,,,,,,,,,,,,,,,,,,,
,,,,,,,,,,,,,,,,,,,,,,,,,,,,
,,,,,,,,,,,,,,,,,,,,,,,,,,,,
,,,,,,,,,,,,,,,,,,,,,,,,,,,,
,,,,,,,,,,,,,,,,,,,,,,,,,,,,
,,,,,,,,,,,,,,,,,,,,,,,,,,,,
,,,,,,,,,,,,,,,,,,,,,,,,,,,,
,,,,,,,,,,,,,,,,,,,,,,,,,,,,
,,,,,,,,,,,,,,,,,,,,,,,,,,,,
,,,,,,,,,,,,,,,,,,,,,,,,,,,,
,,,,,,,,,,,,,,,,,,,,,,,,,,,,
,,,,,,,,,,,,,,,,,,,,,,,,,,,,
,,,,,,,,,,,,,,,,,,,,,,,,,,,,
,,,,,,,,,,,,,,,,,,,,,,,,,,,,
,,,,,,,,,,,,,,,,,,,,,,,,,,,,
,,,,,,,,,,,,,,,,,,,,,,,,,,,,
,,,,,,,,,,,,,,,,,,,,,,,,,,,,
,,,,,,,,,,,,,,,,,,,,,,,,,,,,
,,,,,,,,,,,,,,,,,,,,,,,,,,,,
,,,,,,,,,,,,,,,,,,,,,,,,,,,,
,,,,,,,,,,,,,,,,,,,,,,,,,,,,
,,,,,,,,,,,,,,,,,,,,,,,,,,,,
,,,,,,,,,,,,,,,,,,,,,,,,,,,,
,,,,,,,,,,,,,,,,,,,,,,,,,,,,
,,,,,,,,,,,,,,,,,,,,,,,,,,,,
,,,,,,,,,,,,,,,,,,,,,,,,,,,,
,,,,,,,,,,,,,,,,,,,,,,,,,,,,
,,,,,,,,,,,,,,,,,,,,,,,,,,,,
,,,,,,,,,,,,,,,,,,,,,,,,,,,,
,,,,,,,,,,,,,,,,,,,,,,,,,,,,
,,,,,,,,,,,,,,,,,,,,,,,,,,,,
,,,,,,,,,,,,,,,,,,,,,,,,,,,,
,,,,,,,,,,,,,,,,,,,,,,,,,,,,
,,,,,,,,,,,,,,,,,,,,,,,,,,,,
,,,,,,,,,,,,,,,,,,,,,,,,,,,,
,,,,,,,,,,,,,,,,,,,,,,,,,,,,
,,,,,,,,,,,,,,,,,,,,,,,,,,,,
,,,,,,,,,,,,,,,,,,,,,,,,,,,,
,,,,,,,,,,,,,,,,,,,,,,,,,,,,
,,,,,,,,,,,,,,,,,,,,,,,,,,,,
,,,,,,,,,,,,,,,,,,,,,,,,,,,,
,,,,,,,,,,,,,,,,,,,,,,,,,,,,
,,,,,,,,,,,,,,,,,,,,,,,,,,,,
,,,,,,,,,,,,,,,,,,,,,,,,,,,,
,,,,,,,,,,,,,,,,,,,,,,,,,,,,
,,,,,,,,,,,,,,,,,,,,,,,,,,,,
,,,,,,,,,,,,,,,,,,,,,,,,,,,,
,,,,,,,,,,,,,,,,,,,,,,,,,,,,
,,,,,,,,,,,,,,,,,,,,,,,,,,,,
,,,,,,,,,,,,,,,,,,,,,,,,,,,,
,,,,,,,,,,,,,,,,,,,,,,,,,,,,
,,,,,,,,,,,,,,,,,,,,,,,,,,,,
,,,,,,,,,,,,,,,,,,,,,,,,,,,,
,,,,,,,,,,,,,,,,,,,,,,,,,,,,
,,,,,,,,,,,,,,,,,,,,,,,,,,,,
,,,,,,,,,,,,,,,,,,,,,,,,,,,,
,,,,,,,,,,,,,,,,,,,,,,,,,,,,
,,,,,,,,,,,,,,,,,,,,,,,,,,,,
,,,,,,,,,,,,,,,,,,,,,,,,,,,,
,,,,,,,,,,,,,,,,,,,,,,,,,,,,
,,,,,,,,,,,,,,,,,,,,,,,,,,,,
,,,,,,,,,,,,,,,,,,,,,,,,,,,,
,,,,,,,,,,,,,,,,,,,,,,,,,,,,
,,,,,,,,,,,,,,,,,,,,,,,,,,,,
,,,,,,,,,,,,,,,,,,,,,,,,,,,,
,,,,,,,,,,,,,,,,,,,,,,,,,,,,
,,,,,,,,,,,,,,,,,,,,,,,,,,,,
,,,,,,,,,,,,,,,,,,,,,,,,,,,,
,,,,,,,,,,,,,,,,,,,,,,,,,,,,
,,,,,,,,,,,,,,,,,,,,,,,,,,,,
,,,,,,,,,,,,,,,,,,,,,,,,,,,,
,,,,,,,,,,,,,,,,,,,,,,,,,,,,
,,,,,,,,,,,,,,,,,,,,,,,,,,,,
,,,,,,,,,,,,,,,,,,,,,,,,,,,,
,,,,,,,,,,,,,,,,,,,,,,,,,,,,
,,,,,,,,,,,,,,,,,,,,,,,,,,,,
,,,,,,,,,,,,,,,,,,,,,,,,,,,,
,,,,,,,,,,,,,,,,,,,,,,,,,,,,
,,,,,,,,,,,,,,,,,,,,,,,,,,,,
,,,,,,,,,,,,,,,,,,,,,,,,,,,,
,,,,,,,,,,,,,,,,,,,,,,,,,,,,
,,,,,,,,,,,,,,,,,,,,,,,,,,,,
,,,,,,,,,,,,,,,,,,,,,,,,,,,,
,,,,,,,,,,,,,,,,,,,,,,,,,,,,
,,,,,,,,,,,,,,,,,,,,,,,,,,,,
,,,,,,,,,,,,,,,,,,,,,,,,,,,,
,,,,,,,,,,,,,,,,,,,,,,,,,,,,
,,,,,,,,,,,,,,,,,,,,,,,,,,,,
,,,,,,,,,,,,,,,,,,,,,,,,,,,,
,,,,,,,,,,,,,,,,,,,,,,,,,,,,
,,,,,,,,,,,,,,,,,,,,,,,,,,,,
,,,,,,,,,,,,,,,,,,,,,,,,,,,,
,,,,,,,,,,,,,,,,,,,,,,,,,,,,
,,,,,,,,,,,,,,,,,,,,,,,,,,,,
,,,,,,,,,,,,,,,,,,,,,,,,,,,,
,,,,,,,,,,,,,,,,,,,,,,,,,,,,
,,,,,,,,,,,,,,,,,,,,,,,,,,,,
,,,,,,,,,,,,,,,,,,,,,,,,,,,,
,,,,,,,,,,,,,,,,,,,,,,,,,,,,
,,,,,,,,,,,,,,,,,,,,,,,,,,,,
,,,,,,,,,,,,,,,,,,,,,,,,,,,,
,,,,,,,,,,,,,,,,,,,,,,,,,,,,
,,,,,,,,,,,,,,,,,,,,,,,,,,,,
,,,,,,,,,,,,,,,,,,,,,,,,,,,,
,,,,,,,,,,,,,,,,,,,,,,,,,,,,
,,,,,,,,,,,,,,,,,,,,,,,,,,,,
,,,,,,,,,,,,,,,,,,,,,,,,,,,,
,,,,,,,,,,,,,,,,,,,,,,,,,,,,
,,,,,,,,,,,,,,,,,,,,,,,,,,,,
,,,,,,,,,,,,,,,,,,,,,,,,,,,,
,,,,,,,,,,,,,,,,,,,,,,,,,,,,
,,,,,,,,,,,,,,,,,,,,,,,,,,,,
,,,,,,,,,,,,,,,,,,,,,,,,,,,,
,,,,,,,,,,,,,,,,,,,,,,,,,,,,
,,,,,,,,,,,,,,,,,,,,,,,,,,,,
,,,,,,,,,,,,,,,,,,,,,,,,,,,,
,,,,,,,,,,,,,,,,,,,,,,,,,,,,
,,,,,,,,,,,,,,,,,,,,,,,,,,,,
,,,,,,,,,,,,,,,,,,,,,,,,,,,,
,,,,,,,,,,,,,,,,,,,,,,,,,,,,
,,,,,,,,,,,,,,,,,,,,,,,,,,,,
,,,,,,,,,,,,,,,,,,,,,,,,,,,,
,,,,,,,,,,,,,,,,,,,,,,,,,,,,
,,,,,,,,,,,,,,,,,,,,,,,,,,,,
,,,,,,,,,,,,,,,,,,,,,,,,,,,,
,,,,,,,,,,,,,,,,,,,,,,,,,,,,
,,,,,,,,,,,,,,,,,,,,,,,,,,,,
,,,,,,,,,,,,,,,,,,,,,,,,,,,,
,,,,,,,,,,,,,,,,,,,,,,,,,,,,
,,,,,,,,,,,,,,,,,,,,,,,,,,,,
,,,,,,,,,,,,,,,,,,,,,,,,,,,,
,,,,,,,,,,,,,,,,,,,,,,,,,,,,
,,,,,,,,,,,,,,,,,,,,,,,,,,,,
,,,,,,,,,,,,,,,,,,,,,,,,,,,,
,,,,,,,,,,,,,,,,,,,,,,,,,,,,
,,,,,,,,,,,,,,,,,,,,,,,,,,,,
,,,,,,,,,,,,,,,,,,,,,,,,,,,,
,,,,,,,,,,,,,,,,,,,,,,,,,,,,
,,,,,,,,,,,,,,,,,,,,,,,,,,,,
,,,,,,,,,,,,,,,,,,,,,,,,,,,,
,,,,,,,,,,,,,,,,,,,,,,,,,,,,
,,,,,,,,,,,,,,,,,,,,,,,,,,,,
,,,,,,,,,,,,,,,,,,,,,,,,,,,,
,,,,,,,,,,,,,,,,,,,,,,,,,,,,
,,,,,,,,,,,,,,,,,,,,,,,,,,,,
,,,,,,,,,,,,,,,,,,,,,,,,,,,,
,,,,,,,,,,,,,,,,,,,,,,,,,,,,
,,,,,,,,,,,,,,,,,,,,,,,,,,,,
,,,,,,,,,,,,,,,,,,,,,,,,,,,,
,,,,,,,,,,,,,,,,,,,,,,,,,,,,
,,,,,,,,,,,,,,,,,,,,,,,,,,,,
,,,,,,,,,,,,,,,,,,,,,,,,,,,,
,,,,,,,,,,,,,,,,,,,,,,,,,,,,
,,,,,,,,,,,,,,,,,,,,,,,,,,,,
,,,,,,,,,,,,,,,,,,,,,,,,,,,,
,,,,,,,,,,,,,,,,,,,,,,,,,,,,
,,,,,,,,,,,,,,,,,,,,,,,,,,,,
,,,,,,,,,,,,,,,,,,,,,,,,,,,,
,,,,,,,,,,,,,,,,,,,,,,,,,,,,
,,,,,,,,,,,,,,,,,,,,,,,,,,,,
,,,,,,,,,,,,,,,,,,,,,,,,,,,,
,,,,,,,,,,,,,,,,,,,,,,,,,,,,
,,,,,,,,,,,,,,,,,,,,,,,,,,,,
,,,,,,,,,,,,,,,,,,,,,,,,,,,,
,,,,,,,,,,,,,,,,,,,,,,,,,,,,
,,,,,,,,,,,,,,,,,,,,,,,,,,,,
,,,,,,,,,,,,,,,,,,,,,,,,,,,,
,,,,,,,,,,,,,,,,,,,,,,,,,,,,
,,,,,,,,,,,,,,,,,,,,,,,,,,,,
,,,,,,,,,,,,,,,,,,,,,,,,,,,,
,,,,,,,,,,,,,,,,,,,,,,,,,,,,
,,,,,,,,,,,,,,,,,,,,,,,,,,,,
,,,,,,,,,,,,,,,,,,,,,,,,,,,,
,,,,,,,,,,,,,,,,,,,,,,,,,,,,
,,,,,,,,,,,,,,,,,,,,,,,,,,,,
,,,,,,,,,,,,,,,,,,,,,,,,,,,,
,,,,,,,,,,,,,,,,,,,,,,,,,,,,
,,,,,,,,,,,,,,,,,,,,,,,,,,,,
,,,,,,,,,,,,,,,,,,,,,,,,,,,,
,,,,,,,,,,,,,,,,,,,,,,,,,,,,
,,,,,,,,,,,,,,,,,,,,,,,,,,,,
,,,,,,,,,,,,,,,,,,,,,,,,,,,,
,,,,,,,,,,,,,,,,,,,,,,,,,,,,
,,,,,,,,,,,,,,,,,,,,,,,,,,,,
,,,,,,,,,,,,,,,,,,,,,,,,,,,,
,,,,,,,,,,,,,,,,,,,,,,,,,,,,
,,,,,,,,,,,,,,,,,,,,,,,,,,,,
,,,,,,,,,,,,,,,,,,,,,,,,,,,,
,,,,,,,,,,,,,,,,,,,,,,,,,,,,
,,,,,,,,,,,,,,,,,,,,,,,,,,,,
,,,,,,,,,,,,,,,,,,,,,,,,,,,,
,,,,,,,,,,,,,,,,,,,,,,,,,,,,
,,,,,,,,,,,,,,,,,,,,,,,,,,,,
,,,,,,,,,,,,,,,,,,,,,,,,,,,,
,,,,,,,,,,,,,,,,,,,,,,,,,,,,
,,,,,,,,,,,,,,,,,,,,,,,,,,,,
,,,,,,,,,,,,,,,,,,,,,,,,,,,,
,,,,,,,,,,,,,,,,,,,,,,,,,,,,
,,,,,,,,,,,,,,,,,,,,,,,,,,,,
,,,,,,,,,,,,,,,,,,,,,,,,,,,,
,,,,,,,,,,,,,,,,,,,,,,,,,,,,
,,,,,,,,,,,,,,,,,,,,,,,,,,,,
,,,,,,,,,,,,,,,,,,,,,,,,,,,,
,,,,,,,,,,,,,,,,,,,,,,,,,,,,
,,,,,,,,,,,,,,,,,,,,,,,,,,,,
,,,,,,,,,,,,,,,,,,,,,,,,,,,,
,,,,,,,,,,,,,,,,,,,,,,,,,,,,
,,,,,,,,,,,,,,,,,,,,,,,,,,,,
,,,,,,,,,,,,,,,,,,,,,,,,,,,,
,,,,,,,,,,,,,,,,,,,,,,,,,,,,
,,,,,,,,,,,,,,,,,,,,,,,,,,,,
,,,,,,,,,,,,,,,,,,,,,,,,,,,,
,,,,,,,,,,,,,,,,,,,,,,,,,,,,
,,,,,,,,,,,,,,,,,,,,,,,,,,,,
,,,,,,,,,,,,,,,,,,,,,,,,,,,,
,,,,,,,,,,,,,,,,,,,,,,,,,,,,
,,,,,,,,,,,,,,,,,,,,,,,,,,,,
,,,,,,,,,,,,,,,,,,,,,,,,,,,,
,,,,,,,,,,,,,,,,,,,,,,,,,,,,
,,,,,,,,,,,,,,,,,,,,,,,,,,,,
,,,,,,,,,,,,,,,,,,,,,,,,,,,,
,,,,,,,,,,,,,,,,,,,,,,,,,,,,
,,,,,,,,,,,,,,,,,,,,,,,,,,,,
,,,,,,,,,,,,,,,,,,,,,,,,,,,,
,,,,,,,,,,,,,,,,,,,,,,,,,,,,
,,,,,,,,,,,,,,,,,,,,,,,,,,,,
,,,,,,,,,,,,,,,,,,,,,,,,,,,,
,,,,,,,,,,,,,,,,,,,,,,,,,,,,
,,,,,,,,,,,,,,,,,,,,,,,,,,,,
,,,,,,,,,,,,,,,,,,,,,,,,,,,,
,,,,,,,,,,,,,,,,,,,,,,,,,,,,
,,,,,,,,,,,,,,,,,,,,,,,,,,,,
,,,,,,,,,,,,,,,,,,,,,,,,,,,,
,,,,,,,,,,,,,,,,,,,,,,,,,,,,
,,,,,,,,,,,,,,,,,,,,,,,,,,,,
,,,,,,,,,,,,,,,,,,,,,,,,,,,,
,,,,,,,,,,,,,,,,,,,,,,,,,,,,
,,,,,,,,,,,,,,,,,,,,,,,,,,,,
,,,,,,,,,,,,,,,,,,,,,,,,,,,,
,,,,,,,,,,,,,,,,,,,,,,,,,,,,
,,,,,,,,,,,,,,,,,,,,,,,,,,,,
,,,,,,,,,,,,,,,,,,,,,,,,,,,,
,,,,,,,,,,,,,,,,,,,,,,,,,,,,
,,,,,,,,,,,,,,,,,,,,,,,,,,,,
,,,,,,,,,,,,,,,,,,,,,,,,,,,,
,,,,,,,,,,,,,,,,,,,,,,,,,,,,
,,,,,,,,,,,,,,,,,,,,,,,,,,,,
,,,,,,,,,,,,,,,,,,,,,,,,,,,,
,,,,,,,,,,,,,,,,,,,,,,,,,,,,
,,,,,,,,,,,,,,,,,,,,,,,,,,,,
,,,,,,,,,,,,,,,,,,,,,,,,,,,,
,,,,,,,,,,,,,,,,,,,,,,,,,,,,
,,,,,,,,,,,,,,,,,,,,,,,,,,,,
,,,,,,,,,,,,,,,,,,,,,,,,,,,,
,,,,,,,,,,,,,,,,,,,,,,,,,,,,
,,,,,,,,,,,,,,,,,,,,,,,,,,,,
,,,,,,,,,,,,,,,,,,,,,,,,,,,,
,,,,,,,,,,,,,,,,,,,,,,,,,,,,
,,,,,,,,,,,,,,,,,,,,,,,,,,,,
,,,,,,,,,,,,,,,,,,,,,,,,,,,,
,,,,,,,,,,,,,,,,,,,,,,,,,,,,
,,,,,,,,,,,,,,,,,,,,,,,,,,,,
,,,,,,,,,,,,,,,,,,,,,,,,,,,,
,,,,,,,,,,,,,,,,,,,,,,,,,,,,
,,,,,,,,,,,,,,,,,,,,,,,,,,,,
,,,,,,,,,,,,,,,,,,,,,,,,,,,,
,,,,,,,,,,,,,,,,,,,,,,,,,,,,
,,,,,,,,,,,,,,,,,,,,,,,,,,,,
,,,,,,,,,,,,,,,,,,,,,,,,,,,,
,,,,,,,,,,,,,,,,,,,,,,,,,,,,
,,,,,,,,,,,,,,,,,,,,,,,,,,,,
,,,,,,,,,,,,,,,,,,,,,,,,,,,,
,,,,,,,,,,,,,,,,,,,,,,,,,,,,
,,,,,,,,,,,,,,,,,,,,,,,,,,,,
,,,,,,,,,,,,,,,,,,,,,,,,,,,,
,,,,,,,,,,,,,,,,,,,,,,,,,,,,
,,,,,,,,,,,,,,,,,,,,,,,,,,,,
,,,,,,,,,,,,,,,,,,,,,,,,,,,,
,,,,,,,,,,,,,,,,,,,,,,,,,,,,
,,,,,,,,,,,,,,,,,,,,,,,,,,,,
,,,,,,,,,,,,,,,,,,,,,,,,,,,,
,,,,,,,,,,,,,,,,,,,,,,,,,,,,
,,,,,,,,,,,,,,,,,,,,,,,,,,,,
,,,,,,,,,,,,,,,,,,,,,,,,,,,,
,,,,,,,,,,,,,,,,,,,,,,,,,,,,
,,,,,,,,,,,,,,,,,,,,,,,,,,,,
,,,,,,,,,,,,,,,,,,,,,,,,,,,,
,,,,,,,,,,,,,,,,,,,,,,,,,,,,
,,,,,,,,,,,,,,,,,,,,,,,,,,,,
,,,,,,,,,,,,,,,,,,,,,,,,,,,,
,,,,,,,,,,,,,,,,,,,,,,,,,,,,
,,,,,,,,,,,,,,,,,,,,,,,,,,,,
,,,,,,,,,,,,,,,,,,,,,,,,,,,,
,,,,,,,,,,,,,,,,,,,,,,,,,,,,
,,,,,,,,,,,,,,,,,,,,,,,,,,,,
,,,,,,,,,,,,,,,,,,,,,,,,,,,,
,,,,,,,,,,,,,,,,,,,,,,,,,,,,
,,,,,,,,,,,,,,,,,,,,,,,,,,,,
,,,,,,,,,,,,,,,,,,,,,,,,,,,,
,,,,,,,,,,,,,,,,,,,,,,,,,,,,
,,,,,,,,,,,,,,,,,,,,,,,,,,,,
,,,,,,,,,,,,,,,,,,,,,,,,,,,,
,,,,,,,,,,,,,,,,,,,,,,,,,,,,
,,,,,,,,,,,,,,,,,,,,,,,,,,,,
,,,,,,,,,,,,,,,,,,,,,,,,,,,,
,,,,,,,,,,,,,,,,,,,,,,,,,,,,
,,,,,,,,,,,,,,,,,,,,,,,,,,,,
,,,,,,,,,,,,,,,,,,,,,,,,,,,,
,,,,,,,,,,,,,,,,,,,,,,,,,,,,
,,,,,,,,,,,,,,,,,,,,,,,,,,,,
,,,,,,,,,,,,,,,,,,,,,,,,,,,,
,,,,,,,,,,,,,,,,,,,,,,,,,,,,
,,,,,,,,,,,,,,,,,,,,,,,,,,,,
,,,,,,,,,,,,,,,,,,,,,,,,,,,,
,,,,,,,,,,,,,,,,,,,,,,,,,,,,
,,,,,,,,,,,,,,,,,,,,,,,,,,,,
,,,,,,,,,,,,,,,,,,,,,,,,,,,,
,,,,,,,,,,,,,,,,,,,,,,,,,,,,
,,,,,,,,,,,,,,,,,,,,,,,,,,,,
,,,,,,,,,,,,,,,,,,,,,,,,,,,,
,,,,,,,,,,,,,,,,,,,,,,,,,,,,
,,,,,,,,,,,,,,,,,,,,,,,,,,,,
,,,,,,,,,,,,,,,,,,,,,,,,,,,,
,,,,,,,,,,,,,,,,,,,,,,,,,,,,
,,,,,,,,,,,,,,,,,,,,,,,,,,,,
,,,,,,,,,,,,,,,,,,,,,,,,,,,,
,,,,,,,,,,,,,,,,,,,,,,,,,,,,
,,,,,,,,,,,,,,,,,,,,,,,,,,,,
,,,,,,,,,,,,,,,,,,,,,,,,,,,,
,,,,,,,,,,,,,,,,,,,,,,,,,,,,
,,,,,,,,,,,,,,,,,,,,,,,,,,,,
,,,,,,,,,,,,,,,,,,,,,,,,,,,,
,,,,,,,,,,,,,,,,,,,,,,,,,,,,
,,,,,,,,,,,,,,,,,,,,,,,,,,,,
,,,,,,,,,,,,,,,,,,,,,,,,,,,,
,,,,,,,,,,,,,,,,,,,,,,,,,,,,
,,,,,,,,,,,,,,,,,,,,,,,,,,,,
,,,,,,,,,,,,,,,,,,,,,,,,,,,,
,,,,,,,,,,,,,,,,,,,,,,,,,,,,
,,,,,,,,,,,,,,,,,,,,,,,,,,,,
,,,,,,,,,,,,,,,,,,,,,,,,,,,,
,,,,,,,,,,,,,,,,,,,,,,,,,,,,
,,,,,,,,,,,,,,,,,,,,,,,,,,,,
,,,,,,,,,,,,,,,,,,,,,,,,,,,,
,,,,,,,,,,,,,,,,,,,,,,,,,,,,
,,,,,,,,,,,,,,,,,,,,,,,,,,,,
,,,,,,,,,,,,,,,,,,,,,,,,,,,,
,,,,,,,,,,,,,,,,,,,,,,,,,,,,
,,,,,,,,,,,,,,,,,,,,,,,,,,,,
,,,,,,,,,,,,,,,,,,,,,,,,,,,,
,,,,,,,,,,,,,,,,,,,,,,,,,,,,
,,,,,,,,,,,,,,,,,,,,,,,,,,,,
,,,,,,,,,,,,,,,,,,,,,,,,,,,,
,,,,,,,,,,,,,,,,,,,,,,,,,,,,
,,,,,,,,,,,,,,,,,,,,,,,,,,,,
,,,,,,,,,,,,,,,,,,,,,,,,,,,,
,,,,,,,,,,,,,,,,,,,,,,,,,,,,
,,,,,,,,,,,,,,,,,,,,,,,,,,,,
,,,,,,,,,,,,,,,,,,,,,,,,,,,,
,,,,,,,,,,,,,,,,,,,,,,,,,,,,
,,,,,,,,,,,,,,,,,,,,,,,,,,,,
,,,,,,,,,,,,,,,,,,,,,,,,,,,,
,,,,,,,,,,,,,,,,,,,,,,,,,,,,
,,,,,,,,,,,,,,,,,,,,,,,,,,,,
,,,,,,,,,,,,,,,,,,,,,,,,,,,,
,,,,,,,,,,,,,,,,,,,,,,,,,,,,
,,,,,,,,,,,,,,,,,,,,,,,,,,,,
,,,,,,,,,,,,,,,,,,,,,,,,,,,,
,,,,,,,,,,,,,,,,,,,,,,,,,,,,
,,,,,,,,,,,,,,,,,,,,,,,,,,,,
,,,,,,,,,,,,,,,,,,,,,,,,,,,,
,,,,,,,,,,,,,,,,,,,,,,,,,,,,
,,,,,,,,,,,,,,,,,,,,,,,,,,,,
,,,,,,,,,,,,,,,,,,,,,,,,,,,,
,,,,,,,,,,,,,,,,,,,,,,,,,,,,
,,,,,,,,,,,,,,,,,,,,,,,,,,,,
,,,,,,,,,,,,,,,,,,,,,,,,,,,,
,,,,,,,,,,,,,,,,,,,,,,,,,,,,
,,,,,,,,,,,,,,,,,,,,,,,,,,,,
,,,,,,,,,,,,,,,,,,,,,,,,,,,,
,,,,,,,,,,,,,,,,,,,,,,,,,,,,
,,,,,,,,,,,,,,,,,,,,,,,,,,,,
,,,,,,,,,,,,,,,,,,,,,,,,,,,,
,,,,,,,,,,,,,,,,,,,,,,,,,,,,
,,,,,,,,,,,,,,,,,,,,,,,,,,,,
,,,,,,,,,,,,,,,,,,,,,,,,,,,,
,,,,,,,,,,,,,,,,,,,,,,,,,,,,
,,,,,,,,,,,,,,,,,,,,,,,,,,,,
,,,,,,,,,,,,,,,,,,,,,,,,,,,,
,,,,,,,,,,,,,,,,,,,,,,,,,,,,
,,,,,,,,,,,,,,,,,,,,,,,,,,,,
,,,,,,,,,,,,,,,,,,,,,,,,,,,,
,,,,,,,,,,,,,,,,,,,,,,,,,,,,
,,,,,,,,,,,,,,,,,,,,,,,,,,,,
,,,,,,,,,,,,,,,,,,,,,,,,,,,,
,,,,,,,,,,,,,,,,,,,,,,,,,,,,
,,,,,,,,,,,,,,,,,,,,,,,,,,,,
,,,,,,,,,,,,,,,,,,,,,,,,,,,,
,,,,,,,,,,,,,,,,,,,,,,,,,,,,
,,,,,,,,,,,,,,,,,,,,,,,,,,,,
,,,,,,,,,,,,,,,,,,,,,,,,,,,,
,,,,,,,,,,,,,,,,,,,,,,,,,,,,
,,,,,,,,,,,,,,,,,,,,,,,,,,,,
,,,,,,,,,,,,,,,,,,,,,,,,,,,,
,,,,,,,,,,,,,,,,,,,,,,,,,,,,
,,,,,,,,,,,,,,,,,,,,,,,,,,,,
,,,,,,,,,,,,,,,,,,,,,,,,,,,,
,,,,,,,,,,,,,,,,,,,,,,,,,,,,
,,,,,,,,,,,,,,,,,,,,,,,,,,,,
,,,,,,,,,,,,,,,,,,,,,,,,,,,,
,,,,,,,,,,,,,,,,,,,,,,,,,,,,
,,,,,,,,,,,,,,,,,,,,,,,,,,,,
,,,,,,,,,,,,,,,,,,,,,,,,,,,,
,,,,,,,,,,,,,,,,,,,,,,,,,,,,
,,,,,,,,,,,,,,,,,,,,,,,,,,,,
,,,,,,,,,,,,,,,,,,,,,,,,,,,,
,,,,,,,,,,,,,,,,,,,,,,,,,,,,
,,,,,,,,,,,,,,,,,,,,,,,,,,,,
,,,,,,,,,,,,,,,,,,,,,,,,,,,,
,,,,,,,,,,,,,,,,,,,,,,,,,,,,
,,,,,,,,,,,,,,,,,,,,,,,,,,,,
,,,,,,,,,,,,,,,,,,,,,,,,,,,,
,,,,,,,,,,,,,,,,,,,,,,,,,,,,
,,,,,,,,,,,,,,,,,,,,,,,,,,,,
,,,,,,,,,,,,,,,,,,,,,,,,,,,,
,,,,,,,,,,,,,,,,,,,,,,,,,,,,
,,,,,,,,,,,,,,,,,,,,,,,,,,,,
,,,,,,,,,,,,,,,,,,,,,,,,,,,,
,,,,,,,,,,,,,,,,,,,,,,,,,,,,
,,,,,,,,,,,,,,,,,,,,,,,,,,,,
,,,,,,,,,,,,,,,,,,,,,,,,,,,,
,,,,,,,,,,,,,,,,,,,,,,,,,,,,
,,,,,,,,,,,,,,,,,,,,,,,,,,,,
,,,,,,,,,,,,,,,,,,,,,,,,,,,,
,,,,,,,,,,,,,,,,,,,,,,,,,,,,
,,,,,,,,,,,,,,,,,,,,,,,,,,,,
,,,,,,,,,,,,,,,,,,,,,,,,,,,,
,,,,,,,,,,,,,,,,,,,,,,,,,,,,
,,,,,,,,,,,,,,,,,,,,,,,,,,,,
,,,,,,,,,,,,,,,,,,,,,,,,,,,,
,,,,,,,,,,,,,,,,,,,,,,,,,,,,
,,,,,,,,,,,,,,,,,,,,,,,,,,,,
,,,,,,,,,,,,,,,,,,,,,,,,,,,,
,,,,,,,,,,,,,,,,,,,,,,,,,,,,
,,,,,,,,,,,,,,,,,,,,,,,,,,,,
,,,,,,,,,,,,,,,,,,,,,,,,,,,,
,,,,,,,,,,,,,,,,,,,,,,,,,,,,
,,,,,,,,,,,,,,,,,,,,,,,,,,,,
,,,,,,,,,,,,,,,,,,,,,,,,,,,,
,,,,,,,,,,,,,,,,,,,,,,,,,,,,
,,,,,,,,,,,,,,,,,,,,,,,,,,,,
,,,,,,,,,,,,,,,,,,,,,,,,,,,,
,,,,,,,,,,,,,,,,,,,,,,,,,,,,
,,,,,,,,,,,,,,,,,,,,,,,,,,,,
,,,,,,,,,,,,,,,,,,,,,,,,,,,,
,,,,,,,,,,,,,,,,,,,,,,,,,,,,
,,,,,,,,,,,,,,,,,,,,,,,,,,,,
,,,,,,,,,,,,,,,,,,,,,,,,,,,,
,,,,,,,,,,,,,,,,,,,,,,,,,,,,
,,,,,,,,,,,,,,,,,,,,,,,,,,,,
,,,,,,,,,,,,,,,,,,,,,,,,,,,,
,,,,,,,,,,,,,,,,,,,,,,,,,,,,
,,,,,,,,,,,,,,,,,,,,,,,,,,,,
,,,,,,,,,,,,,,,,,,,,,,,,,,,,
,,,,,,,,,,,,,,,,,,,,,,,,,,,,
,,,,,,,,,,,,,,,,,,,,,,,,,,,,
,,,,,,,,,,,,,,,,,,,,,,,,,,,,
,,,,,,,,,,,,,,,,,,,,,,,,,,,,
,,,,,,,,,,,,,,,,,,,,,,,,,,,,
,,,,,,,,,,,,,,,,,,,,,,,,,,,,
,,,,,,,,,,,,,,,,,,,,,,,,,,,,
,,,,,,,,,,,,,,,,,,,,,,,,,,,,
,,,,,,,,,,,,,,,,,,,,,,,,,,,,
,,,,,,,,,,,,,,,,,,,,,,,,,,,,
,,,,,,,,,,,,,,,,,,,,,,,,,,,,
,,,,,,,,,,,,,,,,,,,,,,,,,,,,
,,,,,,,,,,,,,,,,,,,,,,,,,,,,
,,,,,,,,,,,,,,,,,,,,,,,,,,,,
,,,,,,,,,,,,,,,,,,,,,,,,,,,,
,,,,,,,,,,,,,,,,,,,,,,,,,,,,
,,,,,,,,,,,,,,,,,,,,,,,,,,,,
,,,,,,,,,,,,,,,,,,,,,,,,,,,,
,,,,,,,,,,,,,,,,,,,,,,,,,,,,
,,,,,,,,,,,,,,,,,,,,,,,,,,,,
,,,,,,,,,,,,,,,,,,,,,,,,,,,,
,,,,,,,,,,,,,,,,,,,,,,,,,,,,
,,,,,,,,,,,,,,,,,,,,,,,,,,,,
,,,,,,,,,,,,,,,,,,,,,,,,,,,,
,,,,,,,,,,,,,,,,,,,,,,,,,,,,
,,,,,,,,,,,,,,,,,,,,,,,,,,,,
,,,,,,,,,,,,,,,,,,,,,,,,,,,,
,,,,,,,,,,,,,,,,,,,,,,,,,,,,
,,,,,,,,,,,,,,,,,,,,,,,,,,,,
,,,,,,,,,,,,,,,,,,,,,,,,,,,,
,,,,,,,,,,,,,,,,,,,,,,,,,,,,
,,,,,,,,,,,,,,,,,,,,,,,,,,,,
,,,,,,,,,,,,,,,,,,,,,,,,,,,,
,,,,,,,,,,,,,,,,,,,,,,,,,,,,
,,,,,,,,,,,,,,,,,,,,,,,,,,,,
,,,,,,,,,,,,,,,,,,,,,,,,,,,,
,,,,,,,,,,,,,,,,,,,,,,,,,,,,
,,,,,,,,,,,,,,,,,,,,,,,,,,,,
,,,,,,,,,,,,,,,,,,,,,,,,,,,,
,,,,,,,,,,,,,,,,,,,,,,,,,,,,
,,,,,,,,,,,,,,,,,,,,,,,,,,,,
,,,,,,,,,,,,,,,,,,,,,,,,,,,,
,,,,,,,,,,,,,,,,,,,,,,,,,,,,
,,,,,,,,,,,,,,,,,,,,,,,,,,,,
,,,,,,,,,,,,,,,,,,,,,,,,,,,,
,,,,,,,,,,,,,,,,,,,,,,,,,,,,
,,,,,,,,,,,,,,,,,,,,,,,,,,,,
,,,,,,,,,,,,,,,,,,,,,,,,,,,,
,,,,,,,,,,,,,,,,,,,,,,,,,,,,
,,,,,,,,,,,,,,,,,,,,,,,,,,,,
,,,,,,,,,,,,,,,,,,,,,,,,,,,,
,,,,,,,,,,,,,,,,,,,,,,,,,,,,
,,,,,,,,,,,,,,,,,,,,,,,,,,,,
,,,,,,,,,,,,,,,,,,,,,,,,,,,,
,,,,,,,,,,,,,,,,,,,,,,,,,,,,
,,,,,,,,,,,,,,,,,,,,,,,,,,,,
,,,,,,,,,,,,,,,,,,,,,,,,,,,,
,,,,,,,,,,,,,,,,,,,,,,,,,,,,
,,,,,,,,,,,,,,,,,,,,,,,,,,,,
,,,,,,,,,,,,,,,,,,,,,,,,,,,,
,,,,,,,,,,,,,,,,,,,,,,,,,,,,
,,,,,,,,,,,,,,,,,,,,,,,,,,,,
,,,,,,,,,,,,,,,,,,,,,,,,,,,,
,,,,,,,,,,,,,,,,,,,,,,,,,,,,
,,,,,,,,,,,,,,,,,,,,,,,,,,,,
,,,,,,,,,,,,,,,,,,,,,,,,,,,,
,,,,,,,,,,,,,,,,,,,,,,,,,,,,
,,,,,,,,,,,,,,,,,,,,,,,,,,,,
,,,,,,,,,,,,,,,,,,,,,,,,,,,,
,,,,,,,,,,,,,,,,,,,,,,,,,,,,
,,,,,,,,,,,,,,,,,,,,,,,,,,,,
,,,,,,,,,,,,,,,,,,,,,,,,,,,,
,,,,,,,,,,,,,,,,,,,,,,,,,,,,
,,,,,,,,,,,,,,,,,,,,,,,,,,,,
,,,,,,,,,,,,,,,,,,,,,,,,,,,,
,,,,,,,,,,,,,,,,,,,,,,,,,,,,
,,,,,,,,,,,,,,,,,,,,,,,,,,,,
,,,,,,,,,,,,,,,,,,,,,,,,,,,,
,,,,,,,,,,,,,,,,,,,,,,,,,,,,
,,,,,,,,,,,,,,,,,,,,,,,,,,,,
,,,,,,,,,,,,,,,,,,,,,,,,,,,,
,,,,,,,,,,,,,,,,,,,,,,,,,,,,
,,,,,,,,,,,,,,,,,,,,,,,,,,,,
,,,,,,,,,,,,,,,,,,,,,,,,,,,,
,,,,,,,,,,,,,,,,,,,,,,,,,,,,
,,,,,,,,,,,,,,,,,,,,,,,,,,,,
,,,,,,,,,,,,,,,,,,,,,,,,,,,,
,,,,,,,,,,,,,,,,,,,,,,,,,,,,
,,,,,,,,,,,,,,,,,,,,,,,,,,,,
,,,,,,,,,,,,,,,,,,,,,,,,,,,,
,,,,,,,,,,,,,,,,,,,,,,,,,,,,
,,,,,,,,,,,,,,,,,,,,,,,,,,,,
,,,,,,,,,,,,,,,,,,,,,,,,,,,,
,,,,,,,,,,,,,,,,,,,,,,,,,,,,
,,,,,,,,,,,,,,,,,,,,,,,,,,,,
,,,,,,,,,,,,,,,,,,,,,,,,,,,,
,,,,,,,,,,,,,,,,,,,,,,,,,,,,
,,,,,,,,,,,,,,,,,,,,,,,,,,,,
,,,,,,,,,,,,,,,,,,,,,,,,,,,,
,,,,,,,,,,,,,,,,,,,,,,,,,,,,
,,,,,,,,,,,,,,,,,,,,,,,,,,,,
,,,,,,,,,,,,,,,,,,,,,,,,,,,,
,,,,,,,,,,,,,,,,,,,,,,,,,,,,
,,,,,,,,,,,,,,,,,,,,,,,,,,,,
,,,,,,,,,,,,,,,,,,,,,,,,,,,,
,,,,,,,,,,,,,,,,,,,,,,,,,,,,
,,,,,,,,,,,,,,,,,,,,,,,,,,,,
,,,,,,,,,,,,,,,,,,,,,,,,,,,,
,,,,,,,,,,,,,,,,,,,,,,,,,,,,
,,,,,,,,,,,,,,,,,,,,,,,,,,,,
,,,,,,,,,,,,,,,,,,,,,,,,,,,,
,,,,,,,,,,,,,,,,,,,,,,,,,,,,
,,,,,,,,,,,,,,,,,,,,,,,,,,,,
,,,,,,,,,,,,,,,,,,,,,,,,,,,,
,,,,,,,,,,,,,,,,,,,,,,,,,,,,
,,,,,,,,,,,,,,,,,,,,,,,,,,,,
,,,,,,,,,,,,,,,,,,,,,,,,,,,,
,,,,,,,,,,,,,,,,,,,,,,,,,,,,
,,,,,,,,,,,,,,,,,,,,,,,,,,,,
,,,,,,,,,,,,,,,,,,,,,,,,,,,,
,,,,,,,,,,,,,,,,,,,,,,,,,,,,
,,,,,,,,,,,,,,,,,,,,,,,,,,,,
,,,,,,,,,,,,,,,,,,,,,,,,,,,,
,,,,,,,,,,,,,,,,,,,,,,,,,,,,
,,,,,,,,,,,,,,,,,,,,,,,,,,,,
,,,,,,,,,,,,,,,,,,,,,,,,,,,,
,,,,,,,,,,,,,,,,,,,,,,,,,,,,
,,,,,,,,,,,,,,,,,,,,,,,,,,,,
,,,,,,,,,,,,,,,,,,,,,,,,,,,,
,,,,,,,,,,,,,,,,,,,,,,,,,,,,
,,,,,,,,,,,,,,,,,,,,,,,,,,,,
,,,,,,,,,,,,,,,,,,,,,,,,,,,,
,,,,,,,,,,,,,,,,,,,,,,,,,,,,
,,,,,,,,,,,,,,,,,,,,,,,,,,,,
,,,,,,,,,,,,,,,,,,,,,,,,,,,,
,,,,,,,,,,,,,,,,,,,,,,,,,,,,
,,,,,,,,,,,,,,,,,,,,,,,,,,,,
,,,,,,,,,,,,,,,,,,,,,,,,,,,,
,,,,,,,,,,,,,,,,,,,,,,,,,,,,
,,,,,,,,,,,,,,,,,,,,,,,,,,,,
,,,,,,,,,,,,,,,,,,,,,,,,,,,,
,,,,,,,,,,,,,,,,,,,,,,,,,,,,
,,,,,,,,,,,,,,,,,,,,,,,,,,,,
,,,,,,,,,,,,,,,,,,,,,,,,,,,,
,,,,,,,,,,,,,,,,,,,,,,,,,,,,
,,,,,,,,,,,,,,,,,,,,,,,,,,,,
,,,,,,,,,,,,,,,,,,,,,,,,,,,,
,,,,,,,,,,,,,,,,,,,,,,,,,,,,
,,,,,,,,,,,,,,,,,,,,,,,,,,,,
,,,,,,,,,,,,,,,,,,,,,,,,,,,,
,,,,,,,,,,,,,,,,,,,,,,,,,,,,
,,,,,,,,,,,,,,,,,,,,,,,,,,,,
,,,,,,,,,,,,,,,,,,,,,,,,,,,,
,,,,,,,,,,,,,,,,,,,,,,,,,,,,
,,,,,,,,,,,,,,,,,,,,,,,,,,,,
,,,,,,,,,,,,,,,,,,,,,,,,,,,,
,,,,,,,,,,,,,,,,,,,,,,,,,,,,
,,,,,,,,,,,,,,,,,,,,,,,,,,,,
,,,,,,,,,,,,,,,,,,,,,,,,,,,,
,,,,,,,,,,,,,,,,,,,,,,,,,,,,
,,,,,,,,,,,,,,,,,,,,,,,,,,,,
,,,,,,,,,,,,,,,,,,,,,,,,,,,,
,,,,,,,,,,,,,,,,,,,,,,,,,,,,
,,,,,,,,,,,,,,,,,,,,,,,,,,,,
,,,,,,,,,,,,,,,,,,,,,,,,,,,,
,,,,,,,,,,,,,,,,,,,,,,,,,,,,
,,,,,,,,,,,,,,,,,,,,,,,,,,,,
,,,,,,,,,,,,,,,,,,,,,,,,,,,,
,,,,,,,,,,,,,,,,,,,,,,,,,,,,
,,,,,,,,,,,,,,,,,,,,,,,,,,,,
,,,,,,,,,,,,,,,,,,,,,,,,,,,,
,,,,,,,,,,,,,,,,,,,,,,,,,,,,
,,,,,,,,,,,,,,,,,,,,,,,,,,,,
,,,,,,,,,,,,,,,,,,,,,,,,,,,,
,,,,,,,,,,,,,,,,,,,,,,,,,,,,
,,,,,,,,,,,,,,,,,,,,,,,,,,,,
,,,,,,,,,,,,,,,,,,,,,,,,,,,,
,,,,,,,,,,,,,,,,,,,,,,,,,,,,
,,,,,,,,,,,,,,,,,,,,,,,,,,,,
,,,,,,,,,,,,,,,,,,,,,,,,,,,,
,,,,,,,,,,,,,,,,,,,,,,,,,,,,
,,,,,,,,,,,,,,,,,,,,,,,,,,,,
,,,,,,,,,,,,,,,,,,,,,,,,,,,,
,,,,,,,,,,,,,,,,,,,,,,,,,,,,
,,,,,,,,,,,,,,,,,,,,,,,,,,,,
,,,,,,,,,,,,,,,,,,,,,,,,,,,,
,,,,,,,,,,,,,,,,,,,,,,,,,,,,
,,,,,,,,,,,,,,,,,,,,,,,,,,,,
,,,,,,,,,,,,,,,,,,,,,,,,,,,,
,,,,,,,,,,,,,,,,,,,,,,,,,,,,
,,,,,,,,,,,,,,,,,,,,,,,,,,,,
,,,,,,,,,,,,,,,,,,,,,,,,,,,,
,,,,,,,,,,,,,,,,,,,,,,,,,,,,
,,,,,,,,,,,,,,,,,,,,,,,,,,,,
,,,,,,,,,,,,,,,,,,,,,,,,,,,,
,,,,,,,,,,,,,,,,,,,,,,,,,,,,
,,,,,,,,,,,,,,,,,,,,,,,,,,,,
,,,,,,,,,,,,,,,,,,,,,,,,,,,,
,,,,,,,,,,,,,,,,,,,,,,,,,,,,
,,,,,,,,,,,,,,,,,,,,,,,,,,,,
,,,,,,,,,,,,,,,,,,,,,,,,,,,,
,,,,,,,,,,,,,,,,,,,,,,,,,,,,
,,,,,,,,,,,,,,,,,,,,,,,,,,,,
,,,,,,,,,,,,,,,,,,,,,,,,,,,,
,,,,,,,,,,,,,,,,,,,,,,,,,,,,
,,,,,,,,,,,,,,,,,,,,,,,,,,,,
,,,,,,,,,,,,,,,,,,,,,,,,,,,,
,,,,,,,,,,,,,,,,,,,,,,,,,,,,
,,,,,,,,,,,,,,,,,,,,,,,,,,,,
,,,,,,,,,,,,,,,,,,,,,,,,,,,,
,,,,,,,,,,,,,,,,,,,,,,,,,,,,
,,,,,,,,,,,,,,,,,,,,,,,,,,,,
,,,,,,,,,,,,,,,,,,,,,,,,,,,,
,,,,,,,,,,,,,,,,,,,,,,,,,,,,
,,,,,,,,,,,,,,,,,,,,,,,,,,,,
,,,,,,,,,,,,,,,,,,,,,,,,,,,,
,,,,,,,,,,,,,,,,,,,,,,,,,,,,
,,,,,,,,,,,,,,,,,,,,,,,,,,,,
,,,,,,,,,,,,,,,,,,,,,,,,,,,,
,,,,,,,,,,,,,,,,,,,,,,,,,,,,
,,,,,,,,,,,,,,,,,,,,,,,,,,,,
,,,,,,,,,,,,,,,,,,,,,,,,,,,,
,,,,,,,,,,,,,,,,,,,,,,,,,,,,
,,,,,,,,,,,,,,,,,,,,,,,,,,,,
,,,,,,,,,,,,,,,,,,,,,,,,,,,,
,,,,,,,,,,,,,,,,,,,,,,,,,,,,
,,,,,,,,,,,,,,,,,,,,,,,,,,,,
,,,,,,,,,,,,,,,,,,,,,,,,,,,,
,,,,,,,,,,,,,,,,,,,,,,,,,,,,
,,,,,,,,,,,,,,,,,,,,,,,,,,,,
,,,,,,,,,,,,,,,,,,,,,,,,,,,,
,,,,,,,,,,,,,,,,,,,,,,,,,,,,
,,,,,,,,,,,,,,,,,,,,,,,,,,,,
,,,,,,,,,,,,,,,,,,,,,,,,,,,,
,,,,,,,,,,,,,,,,,,,,,,,,,,,,
,,,,,,,,,,,,,,,,,,,,,,,,,,,,
,,,,,,,,,,,,,,,,,,,,,,,,,,,,
,,,,,,,,,,,,,,,,,,,,,,,,,,,,
,,,,,,,,,,,,,,,,,,,,,,,,,,,,
,,,,,,,,,,,,,,,,,,,,,,,,,,,,
,,,,,,,,,,,,,,,,,,,,,,,,,,,,
,,,,,,,,,,,,,,,,,,,,,,,,,,,,
,,,,,,,,,,,,,,,,,,,,,,,,,,,,
,,,,,,,,,,,,,,,,,,,,,,,,,,,,
,,,,,,,,,,,,,,,,,,,,,,,,,,,,
,,,,,,,,,,,,,,,,,,,,,,,,,,,,
,,,,,,,,,,,,,,,,,,,,,,,,,,,,
,,,,,,,,,,,,,,,,,,,,,,,,,,,,
,,,,,,,,,,,,,,,,,,,,,,,,,,,,
,,,,,,,,,,,,,,,,,,,,,,,,,,,,
,,,,,,,,,,,,,,,,,,,,,,,,,,,,
,,,,,,,,,,,,,,,,,,,,,,,,,,,,
,,,,,,,,,,,,,,,,,,,,,,,,,,,,
,,,,,,,,,,,,,,,,,,,,,,,,,,,,
,,,,,,,,,,,,,,,,,,,,,,,,,,,,
,,,,,,,,,,,,,,,,,,,,,,,,,,,,
,,,,,,,,,,,,,,,,,,,,,,,,,,,,
,,,,,,,,,,,,,,,,,,,,,,,,,,,,
,,,,,,,,,,,,,,,,,,,,,,,,,,,,
,,,,,,,,,,,,,,,,,,,,,,,,,,,,
,,,,,,,,,,,,,,,,,,,,,,,,,,,,
,,,,,,,,,,,,,,,,,,,,,,,,,,,,
,,,,,,,,,,,,,,,,,,,,,,,,,,,,
,,,,,,,,,,,,,,,,,,,,,,,,,,,,
,,,,,,,,,,,,,,,,,,,,,,,,,,,,
,,,,,,,,,,,,,,,,,,,,,,,,,,,,
,,,,,,,,,,,,,,,,,,,,,,,,,,,,
,,,,,,,,,,,,,,,,,,,,,,,,,,,,
,,,,,,,,,,,,,,,,,,,,,,,,,,,,
,,,,,,,,,,,,,,,,,,,,,,,,,,,,
,,,,,,,,,,,,,,,,,,,,,,,,,,,,
,,,,,,,,,,,,,,,,,,,,,,,,,,,,
,,,,,,,,,,,,,,,,,,,,,,,,,,,,
,,,,,,,,,,,,,,,,,,,,,,,,,,,,
,,,,,,,,,,,,,,,,,,,,,,,,,,,,
,,,,,,,,,,,,,,,,,,,,,,,,,,,,
,,,,,,,,,,,,,,,,,,,,,,,,,,,,
,,,,,,,,,,,,,,,,,,,,,,,,,,,,
,,,,,,,,,,,,,,,,,,,,,,,,,,,,
,,,,,,,,,,,,,,,,,,,,,,,,,,,,
,,,,,,,,,,,,,,,,,,,,,,,,,,,,
,,,,,,,,,,,,,,,,,,,,,,,,,,,,
,,,,,,,,,,,,,,,,,,,,,,,,,,,,
,,,,,,,,,,,,,,,,,,,,,,,,,,,,
,,,,,,,,,,,,,,,,,,,,,,,,,,,,
,,,,,,,,,,,,,,,,,,,,,,,,,,,,
,,,,,,,,,,,,,,,,,,,,,,,,,,,,
,,,,,,,,,,,,,,,,,,,,,,,,,,,,
,,,,,,,,,,,,,,,,,,,,,,,,,,,,
,,,,,,,,,,,,,,,,,,,,,,,,,,,,
,,,,,,,,,,,,,,,,,,,,,,,,,,,,
,,,,,,,,,,,,,,,,,,,,,,,,,,,,
,,,,,,,,,,,,,,,,,,,,,,,,,,,,
,,,,,,,,,,,,,,,,,,,,,,,,,,,,
,,,,,,,,,,,,,,,,,,,,,,,,,,,,
,,,,,,,,,,,,,,,,,,,,,,,,,,,,
,,,,,,,,,,,,,,,,,,,,,,,,,,,,
,,,,,,,,,,,,,,,,,,,,,,,,,,,,
,,,,,,,,,,,,,,,,,,,,,,,,,,,,
,,,,,,,,,,,,,,,,,,,,,,,,,,,,
,,,,,,,,,,,,,,,,,,,,,,,,,,,,
,,,,,,,,,,,,,,,,,,,,,,,,,,,,
,,,,,,,,,,,,,,,,,,,,,,,,,,,,
,,,,,,,,,,,,,,,,,,,,,,,,,,,,
,,,,,,,,,,,,,,,,,,,,,,,,,,,,
,,,,,,,,,,,,,,,,,,,,,,,,,,,,
,,,,,,,,,,,,,,,,,,,,,,,,,,,,
,,,,,,,,,,,,,,,,,,,,,,,,,,,,
,,,,,,,,,,,,,,,,,,,,,,,,,,,,
,,,,,,,,,,,,,,,,,,,,,,,,,,,,
,,,,,,,,,,,,,,,,,,,,,,,,,,,,
,,,,,,,,,,,,,,,,,,,,,,,,,,,,
,,,,,,,,,,,,,,,,,,,,,,,,,,,,
,,,,,,,,,,,,,,,,,,,,,,,,,,,,
,,,,,,,,,,,,,,,,,,,,,,,,,,,,
,,,,,,,,,,,,,,,,,,,,,,,,,,,,
,,,,,,,,,,,,,,,,,,,,,,,,,,,,
,,,,,,,,,,,,,,,,,,,,,,,,,,,,
,,,,,,,,,,,,,,,,,,,,,,,,,,,,
,,,,,,,,,,,,,,,,,,,,,,,,,,,,
,,,,,,,,,,,,,,,,,,,,,,,,,,,,
,,,,,,,,,,,,,,,,,,,,,,,,,,,,
,,,,,,,,,,,,,,,,,,,,,,,,,,,,
,,,,,,,,,,,,,,,,,,,,,,,,,,,,
,,,,,,,,,,,,,,,,,,,,,,,,,,,,
,,,,,,,,,,,,,,,,,,,,,,,,,,,,
,,,,,,,,,,,,,,,,,,,,,,,,,,,,
,,,,,,,,,,,,,,,,,,,,,,,,,,,,
,,,,,,,,,,,,,,,,,,,,,,,,,,,,
,,,,,,,,,,,,,,,,,,,,,,,,,,,,
,,,,,,,,,,,,,,,,,,,,,,,,,,,,
,,,,,,,,,,,,,,,,,,,,,,,,,,,,
,,,,,,,,,,,,,,,,,,,,,,,,,,,,
,,,,,,,,,,,,,,,,,,,,,,,,,,,,
,,,,,,,,,,,,,,,,,,,,,,,,,,,,
,,,,,,,,,,,,,,,,,,,,,,,,,,,,
,,,,,,,,,,,,,,,,,,,,,,,,,,,,
,,,,,,,,,,,,,,,,,,,,,,,,,,,,
,,,,,,,,,,,,,,,,,,,,,,,,,,,,
,,,,,,,,,,,,,,,,,,,,,,,,,,,,
,,,,,,,,,,,,,,,,,,,,,,,,,,,,
,,,,,,,,,,,,,,,,,,,,,,,,,,,,
,,,,,,,,,,,,,,,,,,,,,,,,,,,,
,,,,,,,,,,,,,,,,,,,,,,,,,,,,
,,,,,,,,,,,,,,,,,,,,,,,,,,,,
,,,,,,,,,,,,,,,,,,,,,,,,,,,,
,,,,,,,,,,,,,,,,,,,,,,,,,,,,
,,,,,,,,,,,,,,,,,,,,,,,,,,,,
,,,,,,,,,,,,,,,,,,,,,,,,,,,,
,,,,,,,,,,,,,,,,,,,,,,,,,,,,
,,,,,,,,,,,,,,,,,,,,,,,,,,,,
,,,,,,,,,,,,,,,,,,,,,,,,,,,,
,,,,,,,,,,,,,,,,,,,,,,,,,,,,
,,,,,,,,,,,,,,,,,,,,,,,,,,,,
,,,,,,,,,,,,,,,,,,,,,,,,,,,,
,,,,,,,,,,,,,,,,,,,,,,,,,,,,
,,,,,,,,,,,,,,,,,,,,,,,,,,,,
,,,,,,,,,,,,,,,,,,,,,,,,,,,,
,,,,,,,,,,,,,,,,,,,,,,,,,,,,
,,,,,,,,,,,,,,,,,,,,,,,,,,,,
,,,,,,,,,,,,,,,,,,,,,,,,,,,,
,,,,,,,,,,,,,,,,,,,,,,,,,,,,
,,,,,,,,,,,,,,,,,,,,,,,,,,,,
,,,,,,,,,,,,,,,,,,,,,,,,,,,,
,,,,,,,,,,,,,,,,,,,,,,,,,,,,
,,,,,,,,,,,,,,,,,,,,,,,,,,,,
,,,,,,,,,,,,,,,,,,,,,,,,,,,,
,,,,,,,,,,,,,,,,,,,,,,,,,,,,
,,,,,,,,,,,,,,,,,,,,,,,,,,,,
,,,,,,,,,,,,,,,,,,,,,,,,,,,,
,,,,,,,,,,,,,,,,,,,,,,,,,,,,
,,,,,,,,,,,,,,,,,,,,,,,,,,,,
,,,,,,,,,,,,,,,,,,,,,,,,,,,,
,,,,,,,,,,,,,,,,,,,,,,,,,,,,
,,,,,,,,,,,,,,,,,,,,,,,,,,,,
,,,,,,,,,,,,,,,,,,,,,,,,,,,,
,,,,,,,,,,,,,,,,,,,,,,,,,,,,
,,,,,,,,,,,,,,,,,,,,,,,,,,,,
,,,,,,,,,,,,,,,,,,,,,,,,,,,,
,,,,,,,,,,,,,,,,,,,,,,,,,,,,
,,,,,,,,,,,,,,,,,,,,,,,,,,,,
,,,,,,,,,,,,,,,,,,,,,,,,,,,,
,,,,,,,,,,,,,,,,,,,,,,,,,,,,
,,,,,,,,,,,,,,,,,,,,,,,,,,,,
,,,,,,,,,,,,,,,,,,,,,,,,,,,,
,,,,,,,,,,,,,,,,,,,,,,,,,,,,
,,,,,,,,,,,,,,,,,,,,,,,,,,,,
,,,,,,,,,,,,,,,,,,,,,,,,,,,,
,,,,,,,,,,,,,,,,,,,,,,,,,,,,
,,,,,,,,,,,,,,,,,,,,,,,,,,,,
,,,,,,,,,,,,,,,,,,,,,,,,,,,,
,,,,,,,,,,,,,,,,,,,,,,,,,,,,
,,,,,,,,,,,,,,,,,,,,,,,,,,,,
,,,,,,,,,,,,,,,,,,,,,,,,,,,,
,,,,,,,,,,,,,,,,,,,,,,,,,,,,
,,,,,,,,,,,,,,,,,,,,,,,,,,,,
,,,,,,,,,,,,,,,,,,,,,,,,,,,,
,,,,,,,,,,,,,,,,,,,,,,,,,,,,
,,,,,,,,,,,,,,,,,,,,,,,,,,,,
,,,,,,,,,,,,,,,,,,,,,,,,,,,,
,,,,,,,,,,,,,,,,,,,,,,,,,,,,
,,,,,,,,,,,,,,,,,,,,,,,,,,,,
,,,,,,,,,,,,,,,,,,,,,,,,,,,,
,,,,,,,,,,,,,,,,,,,,,,,,,,,,
,,,,,,,,,,,,,,,,,,,,,,,,,,,,
,,,,,,,,,,,,,,,,,,,,,,,,,,,,
,,,,,,,,,,,,,,,,,,,,,,,,,,,,
,,,,,,,,,,,,,,,,,,,,,,,,,,,,
,,,,,,,,,,,,,,,,,,,,,,,,,,,,
,,,,,,,,,,,,,,,,,,,,,,,,,,,,
,,,,,,,,,,,,,,,,,,,,,,,,,,,,
,,,,,,,,,,,,,,,,,,,,,,,,,,,,
,,,,,,,,,,,,,,,,,,,,,,,,,,,,
,,,,,,,,,,,,,,,,,,,,,,,,,,,,
,,,,,,,,,,,,,,,,,,,,,,,,,,,,
,,,,,,,,,,,,,,,,,,,,,,,,,,,,
,,,,,,,,,,,,,,,,,,,,,,,,,,,,
,,,,,,,,,,,,,,,,,,,,,,,,,,,,
,,,,,,,,,,,,,,,,,,,,,,,,,,,,
,,,,,,,,,,,,,,,,,,,,,,,,,,,,
,,,,,,,,,,,,,,,,,,,,,,,,,,,,
,,,,,,,,,,,,,,,,,,,,,,,,,,,,
,,,,,,,,,,,,,,,,,,,,,,,,,,,,
